model,component,component_name,npr,magnitude,detections,n_trajectories,detection_probability,ci95_low,ci95_high
ae_denso,contator_ac,Contator AC,315,0.0,5,281,0.017793594306049824,0.007623705881025664,0.040969848154263966
ae_lstm,contator_ac,Contator AC,315,0.0,8,281,0.028469750889679714,0.014495231644970803,0.055162671747471075
ae_denso,contator_ac,Contator AC,315,0.01,5,281,0.017793594306049824,0.007623705881025664,0.040969848154263966
ae_lstm,contator_ac,Contator AC,315,0.01,8,281,0.028469750889679714,0.014495231644970803,0.055162671747471075
ae_denso,contator_ac,Contator AC,315,0.02,5,281,0.017793594306049824,0.007623705881025664,0.040969848154263966
ae_lstm,contator_ac,Contator AC,315,0.02,8,281,0.028469750889679714,0.014495231644970803,0.055162671747471075
ae_denso,contator_ac,Contator AC,315,0.03,5,281,0.017793594306049824,0.007623705881025664,0.040969848154263966
ae_lstm,contator_ac,Contator AC,315,0.03,8,281,0.028469750889679714,0.014495231644970803,0.055162671747471075
ae_denso,contator_ac,Contator AC,315,0.04,5,281,0.017793594306049824,0.007623705881025664,0.040969848154263966
ae_lstm,contator_ac,Contator AC,315,0.04,7,281,0.02491103202846975,0.012118204189761197,0.05051824941696326
ae_denso,contator_ac,Contator AC,315,0.05,4,281,0.014234875444839857,0.005549220543038051,0.036022883706534156
ae_lstm,contator_ac,Contator AC,315,0.05,7,281,0.02491103202846975,0.012118204189761197,0.05051824941696326
ae_denso,contator_ac,Contator AC,315,0.06,3,281,0.010676156583629894,0.003637373392162732,0.03091328107169205
ae_lstm,contator_ac,Contator AC,315,0.06,7,281,0.02491103202846975,0.012118204189761197,0.05051824941696326
ae_denso,contator_ac,Contator AC,315,0.07,3,281,0.010676156583629894,0.003637373392162732,0.03091328107169205
ae_lstm,contator_ac,Contator AC,315,0.07,7,281,0.02491103202846975,0.012118204189761197,0.05051824941696326
ae_denso,contator_ac,Contator AC,315,0.08,3,281,0.010676156583629894,0.003637373392162732,0.03091328107169205
ae_lstm,contator_ac,Contator AC,315,0.08,7,281,0.02491103202846975,0.012118204189761197,0.05051824941696326
ae_denso,contator_ac,Contator AC,315,0.09,3,281,0.010676156583629894,0.003637373392162732,0.03091328107169205
ae_lstm,contator_ac,Contator AC,315,0.09,7,281,0.02491103202846975,0.012118204189761197,0.05051824941696326
ae_denso,contator_ac,Contator AC,315,0.1,3,281,0.010676156583629894,0.003637373392162732,0.03091328107169205
ae_lstm,contator_ac,Contator AC,315,0.1,7,281,0.02491103202846975,0.012118204189761197,0.05051824941696326
ae_denso,contator_ac,Contator AC,315,0.11,3,281,0.010676156583629894,0.003637373392162732,0.03091328107169205
ae_lstm,contator_ac,Contator AC,315,0.11,7,281,0.02491103202846975,0.012118204189761197,0.05051824941696326
ae_denso,contator_ac,Contator AC,315,0.12,3,281,0.010676156583629894,0.003637373392162732,0.03091328107169205
ae_lstm,contator_ac,Contator AC,315,0.12,7,281,0.02491103202846975,0.012118204189761197,0.05051824941696326
ae_denso,contator_ac,Contator AC,315,0.13,4,281,0.014234875444839857,0.005549220543038051,0.036022883706534156
ae_lstm,contator_ac,Contator AC,315,0.13,7,281,0.02491103202846975,0.012118204189761197,0.05051824941696326
ae_denso,contator_ac,Contator AC,315,0.14,4,281,0.014234875444839857,0.005549220543038051,0.036022883706534156
ae_lstm,contator_ac,Contator AC,315,0.14,7,281,0.02491103202846975,0.012118204189761197,0.05051824941696326
ae_denso,contator_ac,Contator AC,315,0.15,4,281,0.014234875444839857,0.005549220543038051,0.036022883706534156
ae_lstm,contator_ac,Contator AC,315,0.15,7,281,0.02491103202846975,0.012118204189761197,0.05051824941696326
ae_denso,contator_ac,Contator AC,315,0.16,5,281,0.017793594306049824,0.007623705881025664,0.040969848154263966
ae_lstm,contator_ac,Contator AC,315,0.16,7,281,0.02491103202846975,0.012118204189761197,0.05051824941696326
ae_denso,contator_ac,Contator AC,315,0.17,5,281,0.017793594306049824,0.007623705881025664,0.040969848154263966
ae_lstm,contator_ac,Contator AC,315,0.17,8,281,0.028469750889679714,0.014495231644970803,0.055162671747471075
ae_denso,contator_ac,Contator AC,315,0.18,6,281,0.021352313167259787,0.009821824876703137,0.0457931789443039
ae_lstm,contator_ac,Contator AC,315,0.18,8,281,0.028469750889679714,0.014495231644970803,0.055162671747471075
ae_denso,contator_ac,Contator AC,315,0.19,9,281,0.03202846975088968,0.016940085783561033,0.05973926739459827
ae_lstm,contator_ac,Contator AC,315,0.19,8,281,0.028469750889679714,0.014495231644970803,0.055162671747471075
ae_denso,contator_ac,Contator AC,315,0.2,14,281,0.0498220640569395,0.02990678040002624,0.08187982170672015
ae_lstm,contator_ac,Contator AC,315,0.2,8,281,0.028469750889679714,0.014495231644970803,0.055162671747471075
ae_denso,contator_ac,Contator AC,315,0.21,24,281,0.08540925266903915,0.058065177647591025,0.12393592231632955
ae_lstm,contator_ac,Contator AC,315,0.21,8,281,0.028469750889679714,0.014495231644970803,0.055162671747471075
ae_denso,contator_ac,Contator AC,315,0.22,33,281,0.11743772241992882,0.08485555990511567,0.16033858813026167
ae_lstm,contator_ac,Contator AC,315,0.22,10,281,0.03558718861209965,0.019443085379248454,0.06425771758462827
ae_denso,contator_ac,Contator AC,315,0.23,45,281,0.1601423487544484,0.12189036279625615,0.20756118266773027
ae_lstm,contator_ac,Contator AC,315,0.23,13,281,0.046263345195729534,0.02723298617698233,0.07753216614404664
ae_denso,contator_ac,Contator AC,315,0.24,51,281,0.18149466192170818,0.14082457681396587,0.230755667364325
ae_lstm,contator_ac,Contator AC,315,0.24,13,281,0.046263345195729534,0.02723298617698233,0.07753216614404664
ae_denso,contator_ac,Contator AC,315,0.25,62,281,0.2206405693950178,0.17610409534602728,0.27271209647515526
ae_lstm,contator_ac,Contator AC,315,0.25,15,281,0.05338078291814947,0.0326129892407388,0.08619506265172501
ae_denso,contator_ac,Contator AC,315,0.26,75,281,0.2669039145907473,0.2185820308282052,0.3215130082073037
ae_lstm,contator_ac,Contator AC,315,0.26,16,281,0.05693950177935943,0.03534877448046085,0.09048072719772036
ae_denso,contator_ac,Contator AC,315,0.27,87,281,0.3096085409252669,0.2584239586092839,0.36592847785483407
ae_lstm,contator_ac,Contator AC,315,0.27,18,281,0.06405693950177936,0.04089969083821248,0.09897271041140357
ae_denso,contator_ac,Contator AC,315,0.28,92,281,0.3274021352313167,0.27518410812024563,0.3842755772724594
ae_lstm,contator_ac,Contator AC,315,0.28,19,281,0.06761565836298933,0.04371089781186638,0.10318295322346713
ae_denso,contator_ac,Contator AC,315,0.29,100,281,0.35587188612099646,0.3021810786841263,0.4134502049943181
ae_lstm,contator_ac,Contator AC,315,0.29,21,281,0.07473309608540925,0.04939676014951941,0.11153999045724891
ae_denso,contator_ac,Contator AC,315,0.3,110,281,0.3914590747330961,0.33622337500946436,0.4496224065261543
ae_lstm,contator_ac,Contator AC,315,0.3,24,281,0.08540925266903915,0.058065177647591025,0.12393592231632955
ae_denso,contator_ac,Contator AC,315,0.31,123,281,0.4377224199288256,0.38094308923496345,0.49618153951498156
ae_lstm,contator_ac,Contator AC,315,0.31,27,281,0.09608540925266904,0.06687728716238853,0.1361881621586843
ae_denso,contator_ac,Contator AC,315,0.32,130,281,0.4626334519572954,0.40523229510863534,0.5210424821413316
ae_lstm,contator_ac,Contator AC,315,0.32,33,281,0.11743772241992882,0.08485555990511567,0.16033858813026167
ae_denso,contator_ac,Contator AC,315,0.33,140,281,0.498220640569395,0.440179724281692,0.5563095508254492
ae_lstm,contator_ac,Contator AC,315,0.33,42,281,0.1494661921708185,0.11251855686719736,0.19586863923963677
ae_denso,contator_ac,Contator AC,315,0.34,152,281,0.5409252669039146,0.482500259664758,0.5982464128709923
ae_lstm,contator_ac,Contator AC,315,0.34,52,281,0.18505338078291814,0.1440030310727681,0.23459866289124018
ae_denso,contator_ac,Contator AC,315,0.35000000000000003,167,281,0.594306049822064,0.5359969268322978,0.6500714924892138
ae_lstm,contator_ac,Contator AC,315,0.35000000000000003,63,281,0.22419928825622776,0.17934350325258408,0.27649413835431585
ae_denso,contator_ac,Contator AC,315,0.36,173,281,0.6156583629893239,0.5575865701023985,0.6706105479334177
ae_lstm,contator_ac,Contator AC,315,0.36,71,281,0.2526690391459075,0.2054308127772,0.30657842711543937
ae_denso,contator_ac,Contator AC,315,0.37,177,281,0.6298932384341637,0.5720424331768379,0.6842404840018479
ae_lstm,contator_ac,Contator AC,315,0.37,78,281,0.2775800711743772,0.22848940646528723,0.33266998192737396
ae_denso,contator_ac,Contator AC,315,0.38,190,281,0.6761565836298933,0.619386720876139,0.7281750435168732
ae_lstm,contator_ac,Contator AC,315,0.38,84,281,0.298932384341637,0.24841151101789016,0.3548765760890755
ae_denso,contator_ac,Contator AC,315,0.39,199,281,0.708185053380783,0.652510129134852,0.7582446833296171
ae_lstm,contator_ac,Contator AC,315,0.39,96,281,0.3416370106761566,0.28865544201765636,0.3988900425179184
ae_denso,contator_ac,Contator AC,315,0.4,206,281,0.7330960854092526,0.6784869917926962,0.7814179691717947
ae_lstm,contator_ac,Contator AC,315,0.4,105,281,0.3736654804270463,0.3191622187664896,0.431576313840542
ae_denso,contator_ac,Contator AC,315,0.41000000000000003,213,281,0.7580071174377224,0.7046684363112913,0.8043866731532215
ae_lstm,contator_ac,Contator AC,315,0.41000000000000003,112,281,0.398576512455516,0.3430697650885639,0.45681891601848956
ae_denso,contator_ac,Contator AC,315,0.42,223,281,0.7935943060498221,0.7424673723162261,0.8368022350054609
ae_lstm,contator_ac,Contator AC,315,0.42,121,281,0.4306049822064057,0.3740299388629237,0.48905179031558654
ae_denso,contator_ac,Contator AC,315,0.43,229,281,0.8149466192170819,0.7654013371087598,0.8559969689272318
ae_lstm,contator_ac,Contator AC,315,0.43,125,281,0.44483985765124556,0.38786811910135355,0.5032994092200264
ae_denso,contator_ac,Contator AC,315,0.44,238,281,0.8469750889679716,0.8002262842927741,0.8843650698146743
ae_lstm,contator_ac,Contator AC,315,0.44,130,281,0.4626334519572954,0.40523229510863534,0.5210424821413316
ae_denso,contator_ac,Contator AC,315,0.45,242,281,0.8612099644128114,0.8158946291640813,0.8967825240862367
ae_lstm,contator_ac,Contator AC,315,0.45,134,281,0.47686832740213525,0.41917634504376644,0.5351842313490702
ae_denso,contator_ac,Contator AC,315,0.46,246,281,0.8754448398576512,0.8317007294435511,0.9090622229496365
ae_lstm,contator_ac,Contator AC,315,0.46,135,281,0.4804270462633452,0.42266964336493457,0.5387123828136196
ae_denso,contator_ac,Contator AC,315,0.47000000000000003,251,281,0.8932384341637011,0.8516828309330018,0.9241873703887731
ae_lstm,contator_ac,Contator AC,315,0.47000000000000003,136,281,0.48398576512455516,0.4261658501119323,0.5422376258523391
ae_denso,contator_ac,Contator AC,315,0.48,256,281,0.9110320284697508,0.8719651622103618,0.9390122880399999
ae_lstm,contator_ac,Contator AC,315,0.48,137,281,0.4875444839857651,0.4296649631024977,0.5457599626474912
ae_denso,contator_ac,Contator AC,315,0.49,259,281,0.9217081850533808,0.8843105426678534,0.9477312569396609
ae_lstm,contator_ac,Contator AC,315,0.49,140,281,0.498220640569395,0.440179724281692,0.5563095508254492
ae_denso,contator_ac,Contator AC,315,0.5,266,281,0.9466192170818505,0.9138049373482748,0.967387010759261
ae_lstm,contator_ac,Contator AC,315,0.5,142,281,0.505338078291815,0.4472040759546316,0.5633280987239446
ae_denso,contator_ac,Contator AC,315,0.51,270,281,0.9608540925266904,0.9312744528968968,0.9780032943535091
ae_lstm,contator_ac,Contator AC,315,0.51,143,281,0.5088967971530249,0.45072060505707895,0.5668330194072145
ae_denso,contator_ac,Contator AC,315,0.52,274,281,0.9750889679715302,0.9494817505830367,0.9878817958102387
ae_lstm,contator_ac,Contator AC,315,0.52,145,281,0.5160142348754448,0.45776237414766074,0.5738341498880676
ae_denso,contator_ac,Contator AC,315,0.53,274,281,0.9750889679715302,0.9494817505830367,0.9878817958102387
ae_lstm,contator_ac,Contator AC,315,0.53,147,281,0.5231316725978647,0.46481576865092966,0.5808236549562334
ae_denso,contator_ac,Contator AC,315,0.54,276,281,0.9822064056939501,0.9590301518457359,0.9923762941189743
ae_lstm,contator_ac,Contator AC,315,0.54,151,281,0.5373665480427047,0.47895751785866836,0.5947677048913645
ae_denso,contator_ac,Contator AC,315,0.55,276,281,0.9822064056939501,0.9590301518457359,0.9923762941189743
ae_lstm,contator_ac,Contator AC,315,0.55,152,281,0.5409252669039146,0.482500259664758,0.5982464128709923
ae_denso,contator_ac,Contator AC,315,0.56,278,281,0.9893238434163701,0.969086718928308,0.9963626266078373
ae_lstm,contator_ac,Contator AC,315,0.56,161,281,0.5729537366548043,0.5145175598002844,0.6294221608069229
ae_denso,contator_ac,Contator AC,315,0.5700000000000001,278,281,0.9893238434163701,0.969086718928308,0.9963626266078373
ae_lstm,contator_ac,Contator AC,315,0.5700000000000001,167,281,0.594306049822064,0.5359969268322978,0.6500714924892138
ae_denso,contator_ac,Contator AC,315,0.58,280,281,0.99644128113879,0.9801207228327832,0.9993715222747969
ae_lstm,contator_ac,Contator AC,315,0.58,171,281,0.608540925266904,0.5503775934738457,0.6637766249905357
ae_denso,contator_ac,Contator AC,315,0.59,281,281,1.0,0.9865136948932973,0.9999999999999998
ae_lstm,contator_ac,Contator AC,315,0.59,179,281,0.6370106761565836,0.579289599816114,0.6910362169340065
ae_denso,contator_ac,Contator AC,315,0.6,281,281,1.0,0.9865136948932973,0.9999999999999998
ae_lstm,contator_ac,Contator AC,315,0.6,188,281,0.6690391459074733,0.6120656251936155,0.7214532396279617
ae_denso,contator_ac,Contator AC,315,0.61,281,281,1.0,0.9865136948932973,0.9999999999999998
ae_lstm,contator_ac,Contator AC,315,0.61,193,281,0.6868327402135231,0.6303949176433693,0.7382311961067952
ae_denso,contator_ac,Contator AC,315,0.62,281,281,1.0,0.9865136948932973,0.9999999999999998
ae_lstm,contator_ac,Contator AC,315,0.62,197,281,0.701067615658363,0.6451234239109244,0.7515884889821097
ae_denso,contator_ac,Contator AC,315,0.63,281,281,1.0,0.9865136948932973,0.9999999999999998
ae_lstm,contator_ac,Contator AC,315,0.63,207,281,0.7366548042704626,0.6822142505731414,0.7847121601770668
ae_denso,contator_ac,Contator AC,315,0.64,281,281,1.0,0.9865136948932973,0.9999999999999998
ae_lstm,contator_ac,Contator AC,315,0.64,217,281,0.7722419928825622,0.7197287764808038,0.8174121321265786
ae_denso,contator_ac,Contator AC,315,0.65,281,281,1.0,0.9865136948932973,0.9999999999999998
ae_lstm,contator_ac,Contator AC,315,0.65,224,281,0.797153024911032,0.7462755313398217,0.8400155257675828
ae_denso,contator_ac,Contator AC,315,0.66,281,281,1.0,0.9865136948932973,0.9999999999999998
ae_lstm,contator_ac,Contator AC,315,0.66,230,281,0.8185053380782918,0.7692443326356749,0.8591754231860341
ae_denso,contator_ac,Contator AC,315,0.67,281,281,1.0,0.9865136948932973,0.9999999999999998
ae_lstm,contator_ac,Contator AC,315,0.67,233,281,0.8291814946619217,0.7808113942093994,0.868672710969462
ae_denso,contator_ac,Contator AC,315,0.68,281,281,1.0,0.9865136948932973,0.9999999999999998
ae_lstm,contator_ac,Contator AC,315,0.68,239,281,0.8505338078291815,0.8041313607603633,0.8874814431328026
ae_denso,contator_ac,Contator AC,315,0.6900000000000001,281,281,1.0,0.9865136948932973,0.9999999999999998
ae_lstm,contator_ac,Contator AC,315,0.6900000000000001,241,281,0.8576512455516014,0.8119652943312666,0.8936904091333341
ae_denso,contator_ac,Contator AC,315,0.7000000000000001,281,281,1.0,0.9865136948932973,0.9999999999999998
ae_lstm,contator_ac,Contator AC,315,0.7000000000000001,245,281,0.8718861209964412,0.8277352964137437,0.9060062061937266
ae_denso,contator_ac,Contator AC,315,0.71,281,281,1.0,0.9865136948932973,0.9999999999999998
ae_lstm,contator_ac,Contator AC,315,0.71,251,281,0.8932384341637011,0.8516828309330018,0.9241873703887731
ae_denso,contator_ac,Contator AC,315,0.72,281,281,1.0,0.9865136948932973,0.9999999999999998
ae_lstm,contator_ac,Contator AC,315,0.72,256,281,0.9110320284697508,0.8719651622103618,0.9390122880399999
ae_denso,contator_ac,Contator AC,315,0.73,281,281,1.0,0.9865136948932973,0.9999999999999998
ae_lstm,contator_ac,Contator AC,315,0.73,259,281,0.9217081850533808,0.8843105426678534,0.9477312569396609
ae_denso,contator_ac,Contator AC,315,0.74,281,281,1.0,0.9865136948932973,0.9999999999999998
ae_lstm,contator_ac,Contator AC,315,0.74,265,281,0.9430604982206405,0.9095192728022795,0.9646512255195391
ae_denso,contator_ac,Contator AC,315,0.75,281,281,1.0,0.9865136948932973,0.9999999999999998
ae_lstm,contator_ac,Contator AC,315,0.75,270,281,0.9608540925266904,0.9312744528968968,0.9780032943535091
ae_denso,contator_ac,Contator AC,315,0.76,281,281,1.0,0.9865136948932973,0.9999999999999998
ae_lstm,contator_ac,Contator AC,315,0.76,272,281,0.9679715302491103,0.9402607326054018,0.9830599142164389
ae_denso,contator_ac,Contator AC,315,0.77,281,281,1.0,0.9865136948932973,0.9999999999999998
ae_lstm,contator_ac,Contator AC,315,0.77,273,281,0.9715302491103203,0.9448373282525289,0.9855047683550291
ae_denso,contator_ac,Contator AC,315,0.78,281,281,1.0,0.9865136948932973,0.9999999999999998
ae_lstm,contator_ac,Contator AC,315,0.78,275,281,0.9786476868327402,0.954206821055696,0.9901781751232968
ae_denso,contator_ac,Contator AC,315,0.79,281,281,1.0,0.9865136948932973,0.9999999999999998
ae_lstm,contator_ac,Contator AC,315,0.79,275,281,0.9786476868327402,0.954206821055696,0.9901781751232968
ae_denso,contator_ac,Contator AC,315,0.8,281,281,1.0,0.9865136948932973,0.9999999999999998
ae_lstm,contator_ac,Contator AC,315,0.8,278,281,0.9893238434163701,0.969086718928308,0.9963626266078373
ae_denso,contator_ac,Contator AC,315,0.81,281,281,1.0,0.9865136948932973,0.9999999999999998
ae_lstm,contator_ac,Contator AC,315,0.81,280,281,0.99644128113879,0.9801207228327832,0.9993715222747969
ae_denso,contator_ac,Contator AC,315,0.8200000000000001,281,281,1.0,0.9865136948932973,0.9999999999999998
ae_lstm,contator_ac,Contator AC,315,0.8200000000000001,280,281,0.99644128113879,0.9801207228327832,0.9993715222747969
ae_denso,contator_ac,Contator AC,315,0.8300000000000001,281,281,1.0,0.9865136948932973,0.9999999999999998
ae_lstm,contator_ac,Contator AC,315,0.8300000000000001,280,281,0.99644128113879,0.9801207228327832,0.9993715222747969
ae_denso,contator_ac,Contator AC,315,0.84,281,281,1.0,0.9865136948932973,0.9999999999999998
ae_lstm,contator_ac,Contator AC,315,0.84,281,281,1.0,0.9865136948932973,0.9999999999999998
ae_denso,contator_ac,Contator AC,315,0.85,281,281,1.0,0.9865136948932973,0.9999999999999998
ae_lstm,contator_ac,Contator AC,315,0.85,281,281,1.0,0.9865136948932973,0.9999999999999998
ae_denso,contator_ac,Contator AC,315,0.86,281,281,1.0,0.9865136948932973,0.9999999999999998
ae_lstm,contator_ac,Contator AC,315,0.86,281,281,1.0,0.9865136948932973,0.9999999999999998
ae_denso,contator_ac,Contator AC,315,0.87,281,281,1.0,0.9865136948932973,0.9999999999999998
ae_lstm,contator_ac,Contator AC,315,0.87,281,281,1.0,0.9865136948932973,0.9999999999999998
ae_denso,contator_ac,Contator AC,315,0.88,281,281,1.0,0.9865136948932973,0.9999999999999998
ae_lstm,contator_ac,Contator AC,315,0.88,281,281,1.0,0.9865136948932973,0.9999999999999998
ae_denso,contator_ac,Contator AC,315,0.89,281,281,1.0,0.9865136948932973,0.9999999999999998
ae_lstm,contator_ac,Contator AC,315,0.89,281,281,1.0,0.9865136948932973,0.9999999999999998
ae_denso,contator_ac,Contator AC,315,0.9,281,281,1.0,0.9865136948932973,0.9999999999999998
ae_lstm,contator_ac,Contator AC,315,0.9,281,281,1.0,0.9865136948932973,0.9999999999999998
ae_denso,contator_ac,Contator AC,315,0.91,281,281,1.0,0.9865136948932973,0.9999999999999998
ae_lstm,contator_ac,Contator AC,315,0.91,281,281,1.0,0.9865136948932973,0.9999999999999998
ae_denso,contator_ac,Contator AC,315,0.92,281,281,1.0,0.9865136948932973,0.9999999999999998
ae_lstm,contator_ac,Contator AC,315,0.92,281,281,1.0,0.9865136948932973,0.9999999999999998
ae_denso,contator_ac,Contator AC,315,0.93,281,281,1.0,0.9865136948932973,0.9999999999999998
ae_lstm,contator_ac,Contator AC,315,0.93,281,281,1.0,0.9865136948932973,0.9999999999999998
ae_denso,contator_ac,Contator AC,315,0.9400000000000001,281,281,1.0,0.9865136948932973,0.9999999999999998
ae_lstm,contator_ac,Contator AC,315,0.9400000000000001,281,281,1.0,0.9865136948932973,0.9999999999999998
ae_denso,contator_ac,Contator AC,315,0.9500000000000001,281,281,1.0,0.9865136948932973,0.9999999999999998
ae_lstm,contator_ac,Contator AC,315,0.9500000000000001,281,281,1.0,0.9865136948932973,0.9999999999999998
ae_denso,contator_ac,Contator AC,315,0.96,281,281,1.0,0.9865136948932973,0.9999999999999998
ae_lstm,contator_ac,Contator AC,315,0.96,281,281,1.0,0.9865136948932973,0.9999999999999998
ae_denso,contator_ac,Contator AC,315,0.97,281,281,1.0,0.9865136948932973,0.9999999999999998
ae_lstm,contator_ac,Contator AC,315,0.97,281,281,1.0,0.9865136948932973,0.9999999999999998
ae_denso,contator_ac,Contator AC,315,0.98,281,281,1.0,0.9865136948932973,0.9999999999999998
ae_lstm,contator_ac,Contator AC,315,0.98,281,281,1.0,0.9865136948932973,0.9999999999999998
ae_denso,contator_ac,Contator AC,315,0.99,281,281,1.0,0.9865136948932973,0.9999999999999998
ae_lstm,contator_ac,Contator AC,315,0.99,281,281,1.0,0.9865136948932973,0.9999999999999998
ae_denso,contator_ac,Contator AC,315,1.0,281,281,1.0,0.9865136948932973,0.9999999999999998
ae_lstm,contator_ac,Contator AC,315,1.0,281,281,1.0,0.9865136948932973,0.9999999999999998
ae_denso,igbt,IGBT,90,0.0,5,281,0.017793594306049824,0.007623705881025664,0.040969848154263966
ae_lstm,igbt,IGBT,90,0.0,8,281,0.028469750889679714,0.014495231644970803,0.055162671747471075
ae_denso,igbt,IGBT,90,0.01,5,281,0.017793594306049824,0.007623705881025664,0.040969848154263966
ae_lstm,igbt,IGBT,90,0.01,8,281,0.028469750889679714,0.014495231644970803,0.055162671747471075
ae_denso,igbt,IGBT,90,0.02,5,281,0.017793594306049824,0.007623705881025664,0.040969848154263966
ae_lstm,igbt,IGBT,90,0.02,8,281,0.028469750889679714,0.014495231644970803,0.055162671747471075
ae_denso,igbt,IGBT,90,0.03,4,281,0.014234875444839857,0.005549220543038051,0.036022883706534156
ae_lstm,igbt,IGBT,90,0.03,7,281,0.02491103202846975,0.012118204189761197,0.05051824941696326
ae_denso,igbt,IGBT,90,0.04,3,281,0.010676156583629894,0.003637373392162732,0.03091328107169205
ae_lstm,igbt,IGBT,90,0.04,7,281,0.02491103202846975,0.012118204189761197,0.05051824941696326
ae_denso,igbt,IGBT,90,0.05,3,281,0.010676156583629894,0.003637373392162732,0.03091328107169205
ae_lstm,igbt,IGBT,90,0.05,7,281,0.02491103202846975,0.012118204189761197,0.05051824941696326
ae_denso,igbt,IGBT,90,0.06,3,281,0.010676156583629894,0.003637373392162732,0.03091328107169205
ae_lstm,igbt,IGBT,90,0.06,7,281,0.02491103202846975,0.012118204189761197,0.05051824941696326
ae_denso,igbt,IGBT,90,0.07,3,281,0.010676156583629894,0.003637373392162732,0.03091328107169205
ae_lstm,igbt,IGBT,90,0.07,7,281,0.02491103202846975,0.012118204189761197,0.05051824941696326
ae_denso,igbt,IGBT,90,0.08,3,281,0.010676156583629894,0.003637373392162732,0.03091328107169205
ae_lstm,igbt,IGBT,90,0.08,7,281,0.02491103202846975,0.012118204189761197,0.05051824941696326
ae_denso,igbt,IGBT,90,0.09,3,281,0.010676156583629894,0.003637373392162732,0.03091328107169205
ae_lstm,igbt,IGBT,90,0.09,7,281,0.02491103202846975,0.012118204189761197,0.05051824941696326
ae_denso,igbt,IGBT,90,0.1,3,281,0.010676156583629894,0.003637373392162732,0.03091328107169205
ae_lstm,igbt,IGBT,90,0.1,8,281,0.028469750889679714,0.014495231644970803,0.055162671747471075
ae_denso,igbt,IGBT,90,0.11,5,281,0.017793594306049824,0.007623705881025664,0.040969848154263966
ae_lstm,igbt,IGBT,90,0.11,8,281,0.028469750889679714,0.014495231644970803,0.055162671747471075
ae_denso,igbt,IGBT,90,0.12,7,281,0.02491103202846975,0.012118204189761197,0.05051824941696326
ae_lstm,igbt,IGBT,90,0.12,8,281,0.028469750889679714,0.014495231644970803,0.055162671747471075
ae_denso,igbt,IGBT,90,0.13,10,281,0.03558718861209965,0.019443085379248454,0.06425771758462827
ae_lstm,igbt,IGBT,90,0.13,8,281,0.028469750889679714,0.014495231644970803,0.055162671747471075
ae_denso,igbt,IGBT,90,0.14,17,281,0.060498220640569395,0.038111707522557006,0.09473924394134163
ae_lstm,igbt,IGBT,90,0.14,8,281,0.028469750889679714,0.014495231644970803,0.055162671747471075
ae_denso,igbt,IGBT,90,0.15,23,281,0.08185053380782918,0.055158551624166025,0.11982109855403714
ae_lstm,igbt,IGBT,90,0.15,8,281,0.028469750889679714,0.014495231644970803,0.055162671747471075
ae_denso,igbt,IGBT,90,0.16,31,281,0.1103202846975089,0.07881565066436799,0.15233559779957453
ae_lstm,igbt,IGBT,90,0.16,10,281,0.03558718861209965,0.019443085379248454,0.06425771758462827
ae_denso,igbt,IGBT,90,0.17,45,281,0.1601423487544484,0.12189036279625615,0.20756118266773027
ae_lstm,igbt,IGBT,90,0.17,10,281,0.03558718861209965,0.019443085379248454,0.06425771758462827
ae_denso,igbt,IGBT,90,0.18,60,281,0.21352313167259787,0.16964048921593622,0.2651328030338115
ae_lstm,igbt,IGBT,90,0.18,14,281,0.0498220640569395,0.02990678040002624,0.08187982170672015
ae_denso,igbt,IGBT,90,0.19,73,281,0.2597864768683274,0.21199786945714688,0.31405427000692726
ae_lstm,igbt,IGBT,90,0.19,19,281,0.06761565836298933,0.04371089781186638,0.10318295322346713
ae_denso,igbt,IGBT,90,0.2,89,281,0.3167259786476868,0.26511727346829334,0.3732780625672594
ae_lstm,igbt,IGBT,90,0.2,29,281,0.10320284697508897,0.07282153562798219,0.1442868132645255
ae_denso,igbt,IGBT,90,0.21,111,281,0.39501779359430605,0.33964501905541045,0.45322221226592563
ae_lstm,igbt,IGBT,90,0.21,33,281,0.11743772241992882,0.08485555990511567,0.16033858813026167
ae_denso,igbt,IGBT,90,0.22,127,281,0.45195729537366547,0.3948049690114559,0.5104054588813588
ae_lstm,igbt,IGBT,90,0.22,49,281,0.17437722419928825,0.13448655885259764,0.2230507857542584
ae_denso,igbt,IGBT,90,0.23,136,281,0.48398576512455516,0.4261658501119323,0.5422376258523391
ae_lstm,igbt,IGBT,90,0.23,75,281,0.2669039145907473,0.2185820308282052,0.3215130082073037
ae_denso,igbt,IGBT,90,0.24,147,281,0.5231316725978647,0.46481576865092966,0.5808236549562334
ae_lstm,igbt,IGBT,90,0.24,112,281,0.398576512455516,0.3430697650885639,0.45681891601848956
ae_denso,igbt,IGBT,90,0.25,161,281,0.5729537366548043,0.5145175598002844,0.6294221608069229
ae_lstm,igbt,IGBT,90,0.25,130,281,0.4626334519572954,0.40523229510863534,0.5210424821413316
ae_denso,igbt,IGBT,90,0.26,171,281,0.608540925266904,0.5503775934738457,0.6637766249905357
ae_lstm,igbt,IGBT,90,0.26,136,281,0.48398576512455516,0.4261658501119323,0.5422376258523391
ae_denso,igbt,IGBT,90,0.27,176,281,0.6263345195729537,0.5684236861594579,0.6808377812335104
ae_lstm,igbt,IGBT,90,0.27,142,281,0.505338078291815,0.4472040759546316,0.5633280987239446
ae_denso,igbt,IGBT,90,0.28,185,281,0.6583629893238434,0.6011099574820815,0.7113445579823436
ae_lstm,igbt,IGBT,90,0.28,146,281,0.5195729537366548,0.46128761718638045,0.5773303566350654
ae_denso,igbt,IGBT,90,0.29,196,281,0.697508896797153,0.6414357398361229,0.7482547232711939
ae_lstm,igbt,IGBT,90,0.29,155,281,0.5516014234875445,0.4931460918600612,0.6086649300328413
ae_denso,igbt,IGBT,90,0.3,203,281,0.7224199288256228,0.6673300180726259,0.7715105935347127
ae_lstm,igbt,IGBT,90,0.3,168,281,0.597864768683274,0.5395874681685475,0.6535024009386814
ae_denso,igbt,IGBT,90,0.31,211,281,0.7508896797153025,0.6971660526535228,0.7978461572395552
ae_lstm,igbt,IGBT,90,0.31,186,281,0.6619217081850534,0.6047584195027865,0.7147175457473559
ae_denso,igbt,IGBT,90,0.32,215,281,0.7651245551601423,0.7121891568114334,0.8109088522245143
ae_lstm,igbt,IGBT,90,0.32,203,281,0.7224199288256228,0.6673300180726259,0.7715105935347127
ae_denso,igbt,IGBT,90,0.33,216,281,0.7686832740213523,0.7159565673669968,0.8141628914546684
ae_lstm,igbt,IGBT,90,0.33,222,281,0.7900355871886121,0.7386646273043359,0.8335835302316338
ae_denso,igbt,IGBT,90,0.34,220,281,0.7829181494661922,0.7310749861223836,0.8271302718421513
ae_lstm,igbt,IGBT,90,0.34,236,281,0.8398576512455516,0.7924388173322696,0.8781096372037438
ae_denso,igbt,IGBT,90,0.35000000000000003,224,281,0.797153024911032,0.7462755313398217,0.8400155257675828
ae_lstm,igbt,IGBT,90,0.35000000000000003,251,281,0.8932384341637011,0.8516828309330018,0.9241873703887731
ae_denso,igbt,IGBT,90,0.36,226,281,0.8042704626334519,0.7539085110553353,0.846425445623504
ae_lstm,igbt,IGBT,90,0.36,258,281,0.9181494661921709,0.8801789014459628,0.944841448375834
ae_denso,igbt,IGBT,90,0.37,232,281,0.8256227758007118,0.7769492142457416,0.8655134411474023
ae_lstm,igbt,IGBT,90,0.37,263,281,0.9359430604982206,0.9010272895885963,0.9591003091617875
ae_denso,igbt,IGBT,90,0.38,240,281,0.8540925266903915,0.8080442868446903,0.8905899668341929
ae_lstm,igbt,IGBT,90,0.38,267,281,0.9501779359430605,0.9181201782932799,0.9700932195999737
ae_denso,igbt,IGBT,90,0.39,252,281,0.896797153024911,0.8557131867354744,0.9271784643720178
ae_lstm,igbt,IGBT,90,0.39,274,281,0.9750889679715302,0.9494817505830367,0.9878817958102387
ae_denso,igbt,IGBT,90,0.4,258,281,0.9181494661921709,0.8801789014459628,0.944841448375834
ae_lstm,igbt,IGBT,90,0.4,278,281,0.9893238434163701,0.969086718928308,0.9963626266078373
ae_denso,igbt,IGBT,90,0.41000000000000003,268,281,0.9537366548042705,0.9224678338559534,0.9727670138230177
ae_lstm,igbt,IGBT,90,0.41000000000000003,279,281,0.9928825622775801,0.9744248284120868,0.9980459669097758
ae_denso,igbt,IGBT,90,0.42,272,281,0.9679715302491103,0.9402607326054018,0.9830599142164389
ae_lstm,igbt,IGBT,90,0.42,280,281,0.99644128113879,0.9801207228327832,0.9993715222747969
ae_denso,igbt,IGBT,90,0.43,276,281,0.9822064056939501,0.9590301518457359,0.9923762941189743
ae_lstm,igbt,IGBT,90,0.43,281,281,1.0,0.9865136948932973,0.9999999999999998
ae_denso,igbt,IGBT,90,0.44,280,281,0.99644128113879,0.9801207228327832,0.9993715222747969
ae_lstm,igbt,IGBT,90,0.44,281,281,1.0,0.9865136948932973,0.9999999999999998
ae_denso,igbt,IGBT,90,0.45,281,281,1.0,0.9865136948932973,0.9999999999999998
ae_lstm,igbt,IGBT,90,0.45,281,281,1.0,0.9865136948932973,0.9999999999999998
ae_denso,igbt,IGBT,90,0.46,281,281,1.0,0.9865136948932973,0.9999999999999998
ae_lstm,igbt,IGBT,90,0.46,281,281,1.0,0.9865136948932973,0.9999999999999998
ae_denso,igbt,IGBT,90,0.47000000000000003,281,281,1.0,0.9865136948932973,0.9999999999999998
ae_lstm,igbt,IGBT,90,0.47000000000000003,281,281,1.0,0.9865136948932973,0.9999999999999998
ae_denso,igbt,IGBT,90,0.48,281,281,1.0,0.9865136948932973,0.9999999999999998
ae_lstm,igbt,IGBT,90,0.48,281,281,1.0,0.9865136948932973,0.9999999999999998
ae_denso,igbt,IGBT,90,0.49,281,281,1.0,0.9865136948932973,0.9999999999999998
ae_lstm,igbt,IGBT,90,0.49,281,281,1.0,0.9865136948932973,0.9999999999999998
ae_denso,igbt,IGBT,90,0.5,281,281,1.0,0.9865136948932973,0.9999999999999998
ae_lstm,igbt,IGBT,90,0.5,281,281,1.0,0.9865136948932973,0.9999999999999998
ae_denso,igbt,IGBT,90,0.51,281,281,1.0,0.9865136948932973,0.9999999999999998
ae_lstm,igbt,IGBT,90,0.51,281,281,1.0,0.9865136948932973,0.9999999999999998
ae_denso,igbt,IGBT,90,0.52,281,281,1.0,0.9865136948932973,0.9999999999999998
ae_lstm,igbt,IGBT,90,0.52,281,281,1.0,0.9865136948932973,0.9999999999999998
ae_denso,igbt,IGBT,90,0.53,281,281,1.0,0.9865136948932973,0.9999999999999998
ae_lstm,igbt,IGBT,90,0.53,281,281,1.0,0.9865136948932973,0.9999999999999998
ae_denso,igbt,IGBT,90,0.54,281,281,1.0,0.9865136948932973,0.9999999999999998
ae_lstm,igbt,IGBT,90,0.54,281,281,1.0,0.9865136948932973,0.9999999999999998
ae_denso,igbt,IGBT,90,0.55,281,281,1.0,0.9865136948932973,0.9999999999999998
ae_lstm,igbt,IGBT,90,0.55,281,281,1.0,0.9865136948932973,0.9999999999999998
ae_denso,igbt,IGBT,90,0.56,281,281,1.0,0.9865136948932973,0.9999999999999998
ae_lstm,igbt,IGBT,90,0.56,281,281,1.0,0.9865136948932973,0.9999999999999998
ae_denso,igbt,IGBT,90,0.5700000000000001,281,281,1.0,0.9865136948932973,0.9999999999999998
ae_lstm,igbt,IGBT,90,0.5700000000000001,281,281,1.0,0.9865136948932973,0.9999999999999998
ae_denso,igbt,IGBT,90,0.58,281,281,1.0,0.9865136948932973,0.9999999999999998
ae_lstm,igbt,IGBT,90,0.58,281,281,1.0,0.9865136948932973,0.9999999999999998
ae_denso,igbt,IGBT,90,0.59,281,281,1.0,0.9865136948932973,0.9999999999999998
ae_lstm,igbt,IGBT,90,0.59,281,281,1.0,0.9865136948932973,0.9999999999999998
ae_denso,igbt,IGBT,90,0.6,281,281,1.0,0.9865136948932973,0.9999999999999998
ae_lstm,igbt,IGBT,90,0.6,281,281,1.0,0.9865136948932973,0.9999999999999998
ae_denso,igbt,IGBT,90,0.61,281,281,1.0,0.9865136948932973,0.9999999999999998
ae_lstm,igbt,IGBT,90,0.61,281,281,1.0,0.9865136948932973,0.9999999999999998
ae_denso,igbt,IGBT,90,0.62,281,281,1.0,0.9865136948932973,0.9999999999999998
ae_lstm,igbt,IGBT,90,0.62,281,281,1.0,0.9865136948932973,0.9999999999999998
ae_denso,igbt,IGBT,90,0.63,281,281,1.0,0.9865136948932973,0.9999999999999998
ae_lstm,igbt,IGBT,90,0.63,281,281,1.0,0.9865136948932973,0.9999999999999998
ae_denso,igbt,IGBT,90,0.64,281,281,1.0,0.9865136948932973,0.9999999999999998
ae_lstm,igbt,IGBT,90,0.64,281,281,1.0,0.9865136948932973,0.9999999999999998
ae_denso,igbt,IGBT,90,0.65,281,281,1.0,0.9865136948932973,0.9999999999999998
ae_lstm,igbt,IGBT,90,0.65,281,281,1.0,0.9865136948932973,0.9999999999999998
ae_denso,igbt,IGBT,90,0.66,281,281,1.0,0.9865136948932973,0.9999999999999998
ae_lstm,igbt,IGBT,90,0.66,281,281,1.0,0.9865136948932973,0.9999999999999998
ae_denso,igbt,IGBT,90,0.67,281,281,1.0,0.9865136948932973,0.9999999999999998
ae_lstm,igbt,IGBT,90,0.67,281,281,1.0,0.9865136948932973,0.9999999999999998
ae_denso,igbt,IGBT,90,0.68,281,281,1.0,0.9865136948932973,0.9999999999999998
ae_lstm,igbt,IGBT,90,0.68,281,281,1.0,0.9865136948932973,0.9999999999999998
ae_denso,igbt,IGBT,90,0.6900000000000001,281,281,1.0,0.9865136948932973,0.9999999999999998
ae_lstm,igbt,IGBT,90,0.6900000000000001,281,281,1.0,0.9865136948932973,0.9999999999999998
ae_denso,igbt,IGBT,90,0.7000000000000001,281,281,1.0,0.9865136948932973,0.9999999999999998
ae_lstm,igbt,IGBT,90,0.7000000000000001,281,281,1.0,0.9865136948932973,0.9999999999999998
ae_denso,igbt,IGBT,90,0.71,281,281,1.0,0.9865136948932973,0.9999999999999998
ae_lstm,igbt,IGBT,90,0.71,281,281,1.0,0.9865136948932973,0.9999999999999998
ae_denso,igbt,IGBT,90,0.72,281,281,1.0,0.9865136948932973,0.9999999999999998
ae_lstm,igbt,IGBT,90,0.72,281,281,1.0,0.9865136948932973,0.9999999999999998
ae_denso,igbt,IGBT,90,0.73,281,281,1.0,0.9865136948932973,0.9999999999999998
ae_lstm,igbt,IGBT,90,0.73,281,281,1.0,0.9865136948932973,0.9999999999999998
ae_denso,igbt,IGBT,90,0.74,281,281,1.0,0.9865136948932973,0.9999999999999998
ae_lstm,igbt,IGBT,90,0.74,281,281,1.0,0.9865136948932973,0.9999999999999998
ae_denso,igbt,IGBT,90,0.75,281,281,1.0,0.9865136948932973,0.9999999999999998
ae_lstm,igbt,IGBT,90,0.75,281,281,1.0,0.9865136948932973,0.9999999999999998
ae_denso,igbt,IGBT,90,0.76,281,281,1.0,0.9865136948932973,0.9999999999999998
ae_lstm,igbt,IGBT,90,0.76,281,281,1.0,0.9865136948932973,0.9999999999999998
ae_denso,igbt,IGBT,90,0.77,281,281,1.0,0.9865136948932973,0.9999999999999998
ae_lstm,igbt,IGBT,90,0.77,281,281,1.0,0.9865136948932973,0.9999999999999998
ae_denso,igbt,IGBT,90,0.78,281,281,1.0,0.9865136948932973,0.9999999999999998
ae_lstm,igbt,IGBT,90,0.78,281,281,1.0,0.9865136948932973,0.9999999999999998
ae_denso,igbt,IGBT,90,0.79,281,281,1.0,0.9865136948932973,0.9999999999999998
ae_lstm,igbt,IGBT,90,0.79,281,281,1.0,0.9865136948932973,0.9999999999999998
ae_denso,igbt,IGBT,90,0.8,281,281,1.0,0.9865136948932973,0.9999999999999998
ae_lstm,igbt,IGBT,90,0.8,281,281,1.0,0.9865136948932973,0.9999999999999998
ae_denso,igbt,IGBT,90,0.81,281,281,1.0,0.9865136948932973,0.9999999999999998
ae_lstm,igbt,IGBT,90,0.81,281,281,1.0,0.9865136948932973,0.9999999999999998
ae_denso,igbt,IGBT,90,0.8200000000000001,281,281,1.0,0.9865136948932973,0.9999999999999998
ae_lstm,igbt,IGBT,90,0.8200000000000001,281,281,1.0,0.9865136948932973,0.9999999999999998
ae_denso,igbt,IGBT,90,0.8300000000000001,281,281,1.0,0.9865136948932973,0.9999999999999998
ae_lstm,igbt,IGBT,90,0.8300000000000001,281,281,1.0,0.9865136948932973,0.9999999999999998
ae_denso,igbt,IGBT,90,0.84,281,281,1.0,0.9865136948932973,0.9999999999999998
ae_lstm,igbt,IGBT,90,0.84,281,281,1.0,0.9865136948932973,0.9999999999999998
ae_denso,igbt,IGBT,90,0.85,281,281,1.0,0.9865136948932973,0.9999999999999998
ae_lstm,igbt,IGBT,90,0.85,281,281,1.0,0.9865136948932973,0.9999999999999998
ae_denso,igbt,IGBT,90,0.86,281,281,1.0,0.9865136948932973,0.9999999999999998
ae_lstm,igbt,IGBT,90,0.86,281,281,1.0,0.9865136948932973,0.9999999999999998
ae_denso,igbt,IGBT,90,0.87,281,281,1.0,0.9865136948932973,0.9999999999999998
ae_lstm,igbt,IGBT,90,0.87,281,281,1.0,0.9865136948932973,0.9999999999999998
ae_denso,igbt,IGBT,90,0.88,281,281,1.0,0.9865136948932973,0.9999999999999998
ae_lstm,igbt,IGBT,90,0.88,281,281,1.0,0.9865136948932973,0.9999999999999998
ae_denso,igbt,IGBT,90,0.89,281,281,1.0,0.9865136948932973,0.9999999999999998
ae_lstm,igbt,IGBT,90,0.89,281,281,1.0,0.9865136948932973,0.9999999999999998
ae_denso,igbt,IGBT,90,0.9,281,281,1.0,0.9865136948932973,0.9999999999999998
ae_lstm,igbt,IGBT,90,0.9,281,281,1.0,0.9865136948932973,0.9999999999999998
ae_denso,igbt,IGBT,90,0.91,281,281,1.0,0.9865136948932973,0.9999999999999998
ae_lstm,igbt,IGBT,90,0.91,281,281,1.0,0.9865136948932973,0.9999999999999998
ae_denso,igbt,IGBT,90,0.92,281,281,1.0,0.9865136948932973,0.9999999999999998
ae_lstm,igbt,IGBT,90,0.92,281,281,1.0,0.9865136948932973,0.9999999999999998
ae_denso,igbt,IGBT,90,0.93,281,281,1.0,0.9865136948932973,0.9999999999999998
ae_lstm,igbt,IGBT,90,0.93,281,281,1.0,0.9865136948932973,0.9999999999999998
ae_denso,igbt,IGBT,90,0.9400000000000001,281,281,1.0,0.9865136948932973,0.9999999999999998
ae_lstm,igbt,IGBT,90,0.9400000000000001,281,281,1.0,0.9865136948932973,0.9999999999999998
ae_denso,igbt,IGBT,90,0.9500000000000001,281,281,1.0,0.9865136948932973,0.9999999999999998
ae_lstm,igbt,IGBT,90,0.9500000000000001,281,281,1.0,0.9865136948932973,0.9999999999999998
ae_denso,igbt,IGBT,90,0.96,281,281,1.0,0.9865136948932973,0.9999999999999998
ae_lstm,igbt,IGBT,90,0.96,281,281,1.0,0.9865136948932973,0.9999999999999998
ae_denso,igbt,IGBT,90,0.97,281,281,1.0,0.9865136948932973,0.9999999999999998
ae_lstm,igbt,IGBT,90,0.97,281,281,1.0,0.9865136948932973,0.9999999999999998
ae_denso,igbt,IGBT,90,0.98,281,281,1.0,0.9865136948932973,0.9999999999999998
ae_lstm,igbt,IGBT,90,0.98,281,281,1.0,0.9865136948932973,0.9999999999999998
ae_denso,igbt,IGBT,90,0.99,281,281,1.0,0.9865136948932973,0.9999999999999998
ae_lstm,igbt,IGBT,90,0.99,281,281,1.0,0.9865136948932973,0.9999999999999998
ae_denso,igbt,IGBT,90,1.0,281,281,1.0,0.9865136948932973,0.9999999999999998
ae_lstm,igbt,IGBT,90,1.0,281,281,1.0,0.9865136948932973,0.9999999999999998
ae_denso,fusivel_ac,Fusível AC,30,0.0,5,281,0.017793594306049824,0.007623705881025664,0.040969848154263966
ae_lstm,fusivel_ac,Fusível AC,30,0.0,8,281,0.028469750889679714,0.014495231644970803,0.055162671747471075
ae_denso,fusivel_ac,Fusível AC,30,0.01,5,281,0.017793594306049824,0.007623705881025664,0.040969848154263966
ae_lstm,fusivel_ac,Fusível AC,30,0.01,8,281,0.028469750889679714,0.014495231644970803,0.055162671747471075
ae_denso,fusivel_ac,Fusível AC,30,0.02,5,281,0.017793594306049824,0.007623705881025664,0.040969848154263966
ae_lstm,fusivel_ac,Fusível AC,30,0.02,8,281,0.028469750889679714,0.014495231644970803,0.055162671747471075
ae_denso,fusivel_ac,Fusível AC,30,0.03,5,281,0.017793594306049824,0.007623705881025664,0.040969848154263966
ae_lstm,fusivel_ac,Fusível AC,30,0.03,8,281,0.028469750889679714,0.014495231644970803,0.055162671747471075
ae_denso,fusivel_ac,Fusível AC,30,0.04,5,281,0.017793594306049824,0.007623705881025664,0.040969848154263966
ae_lstm,fusivel_ac,Fusível AC,30,0.04,8,281,0.028469750889679714,0.014495231644970803,0.055162671747471075
ae_denso,fusivel_ac,Fusível AC,30,0.05,4,281,0.014234875444839857,0.005549220543038051,0.036022883706534156
ae_lstm,fusivel_ac,Fusível AC,30,0.05,8,281,0.028469750889679714,0.014495231644970803,0.055162671747471075
ae_denso,fusivel_ac,Fusível AC,30,0.06,4,281,0.014234875444839857,0.005549220543038051,0.036022883706534156
ae_lstm,fusivel_ac,Fusível AC,30,0.06,8,281,0.028469750889679714,0.014495231644970803,0.055162671747471075
ae_denso,fusivel_ac,Fusível AC,30,0.07,4,281,0.014234875444839857,0.005549220543038051,0.036022883706534156
ae_lstm,fusivel_ac,Fusível AC,30,0.07,8,281,0.028469750889679714,0.014495231644970803,0.055162671747471075
ae_denso,fusivel_ac,Fusível AC,30,0.08,4,281,0.014234875444839857,0.005549220543038051,0.036022883706534156
ae_lstm,fusivel_ac,Fusível AC,30,0.08,8,281,0.028469750889679714,0.014495231644970803,0.055162671747471075
ae_denso,fusivel_ac,Fusível AC,30,0.09,4,281,0.014234875444839857,0.005549220543038051,0.036022883706534156
ae_lstm,fusivel_ac,Fusível AC,30,0.09,7,281,0.02491103202846975,0.012118204189761197,0.05051824941696326
ae_denso,fusivel_ac,Fusível AC,30,0.1,4,281,0.014234875444839857,0.005549220543038051,0.036022883706534156
ae_lstm,fusivel_ac,Fusível AC,30,0.1,7,281,0.02491103202846975,0.012118204189761197,0.05051824941696326
ae_denso,fusivel_ac,Fusível AC,30,0.11,4,281,0.014234875444839857,0.005549220543038051,0.036022883706534156
ae_lstm,fusivel_ac,Fusível AC,30,0.11,6,281,0.021352313167259787,0.009821824876703137,0.0457931789443039
ae_denso,fusivel_ac,Fusível AC,30,0.12,4,281,0.014234875444839857,0.005549220543038051,0.036022883706534156
ae_lstm,fusivel_ac,Fusível AC,30,0.12,6,281,0.021352313167259787,0.009821824876703137,0.0457931789443039
ae_denso,fusivel_ac,Fusível AC,30,0.13,4,281,0.014234875444839857,0.005549220543038051,0.036022883706534156
ae_lstm,fusivel_ac,Fusível AC,30,0.13,6,281,0.021352313167259787,0.009821824876703137,0.0457931789443039
ae_denso,fusivel_ac,Fusível AC,30,0.14,4,281,0.014234875444839857,0.005549220543038051,0.036022883706534156
ae_lstm,fusivel_ac,Fusível AC,30,0.14,6,281,0.021352313167259787,0.009821824876703137,0.0457931789443039
ae_denso,fusivel_ac,Fusível AC,30,0.15,4,281,0.014234875444839857,0.005549220543038051,0.036022883706534156
ae_lstm,fusivel_ac,Fusível AC,30,0.15,6,281,0.021352313167259787,0.009821824876703137,0.0457931789443039
ae_denso,fusivel_ac,Fusível AC,30,0.16,5,281,0.017793594306049824,0.007623705881025664,0.040969848154263966
ae_lstm,fusivel_ac,Fusível AC,30,0.16,6,281,0.021352313167259787,0.009821824876703137,0.0457931789443039
ae_denso,fusivel_ac,Fusível AC,30,0.17,5,281,0.017793594306049824,0.007623705881025664,0.040969848154263966
ae_lstm,fusivel_ac,Fusível AC,30,0.17,6,281,0.021352313167259787,0.009821824876703137,0.0457931789443039
ae_denso,fusivel_ac,Fusível AC,30,0.18,5,281,0.017793594306049824,0.007623705881025664,0.040969848154263966
ae_lstm,fusivel_ac,Fusível AC,30,0.18,6,281,0.021352313167259787,0.009821824876703137,0.0457931789443039
ae_denso,fusivel_ac,Fusível AC,30,0.19,6,281,0.021352313167259787,0.009821824876703137,0.0457931789443039
ae_lstm,fusivel_ac,Fusível AC,30,0.19,6,281,0.021352313167259787,0.009821824876703137,0.0457931789443039
ae_denso,fusivel_ac,Fusível AC,30,0.2,6,281,0.021352313167259787,0.009821824876703137,0.0457931789443039
ae_lstm,fusivel_ac,Fusível AC,30,0.2,6,281,0.021352313167259787,0.009821824876703137,0.0457931789443039
ae_denso,fusivel_ac,Fusível AC,30,0.21,6,281,0.021352313167259787,0.009821824876703137,0.0457931789443039
ae_lstm,fusivel_ac,Fusível AC,30,0.21,6,281,0.021352313167259787,0.009821824876703137,0.0457931789443039
ae_denso,fusivel_ac,Fusível AC,30,0.22,6,281,0.021352313167259787,0.009821824876703137,0.0457931789443039
ae_lstm,fusivel_ac,Fusível AC,30,0.22,6,281,0.021352313167259787,0.009821824876703137,0.0457931789443039
ae_denso,fusivel_ac,Fusível AC,30,0.23,7,281,0.02491103202846975,0.012118204189761197,0.05051824941696326
ae_lstm,fusivel_ac,Fusível AC,30,0.23,6,281,0.021352313167259787,0.009821824876703137,0.0457931789443039
ae_denso,fusivel_ac,Fusível AC,30,0.24,7,281,0.02491103202846975,0.012118204189761197,0.05051824941696326
ae_lstm,fusivel_ac,Fusível AC,30,0.24,6,281,0.021352313167259787,0.009821824876703137,0.0457931789443039
ae_denso,fusivel_ac,Fusível AC,30,0.25,7,281,0.02491103202846975,0.012118204189761197,0.05051824941696326
ae_lstm,fusivel_ac,Fusível AC,30,0.25,6,281,0.021352313167259787,0.009821824876703137,0.0457931789443039
ae_denso,fusivel_ac,Fusível AC,30,0.26,7,281,0.02491103202846975,0.012118204189761197,0.05051824941696326
ae_lstm,fusivel_ac,Fusível AC,30,0.26,7,281,0.02491103202846975,0.012118204189761197,0.05051824941696326
ae_denso,fusivel_ac,Fusível AC,30,0.27,8,281,0.028469750889679714,0.014495231644970803,0.055162671747471075
ae_lstm,fusivel_ac,Fusível AC,30,0.27,8,281,0.028469750889679714,0.014495231644970803,0.055162671747471075
ae_denso,fusivel_ac,Fusível AC,30,0.28,10,281,0.03558718861209965,0.019443085379248454,0.06425771758462827
ae_lstm,fusivel_ac,Fusível AC,30,0.28,8,281,0.028469750889679714,0.014495231644970803,0.055162671747471075
ae_denso,fusivel_ac,Fusível AC,30,0.29,11,281,0.03914590747330961,0.021996705646490953,0.06872554710310318
ae_lstm,fusivel_ac,Fusível AC,30,0.29,8,281,0.028469750889679714,0.014495231644970803,0.055162671747471075
ae_denso,fusivel_ac,Fusível AC,30,0.3,15,281,0.05338078291814947,0.0326129892407388,0.08619506265172501
ae_lstm,fusivel_ac,Fusível AC,30,0.3,8,281,0.028469750889679714,0.014495231644970803,0.055162671747471075
ae_denso,fusivel_ac,Fusível AC,30,0.31,18,281,0.06405693950177936,0.04089969083821248,0.09897271041140357
ae_lstm,fusivel_ac,Fusível AC,30,0.31,8,281,0.028469750889679714,0.014495231644970803,0.055162671747471075
ae_denso,fusivel_ac,Fusível AC,30,0.32,22,281,0.07829181494661921,0.05226874306033916,0.11568945733214658
ae_lstm,fusivel_ac,Fusível AC,30,0.32,8,281,0.028469750889679714,0.014495231644970803,0.055162671747471075
ae_denso,fusivel_ac,Fusível AC,30,0.33,25,281,0.08896797153024912,0.06098771195999995,0.12803483778963806
ae_lstm,fusivel_ac,Fusível AC,30,0.33,8,281,0.028469750889679714,0.014495231644970803,0.055162671747471075
ae_denso,fusivel_ac,Fusível AC,30,0.34,32,281,0.11387900355871886,0.08183011118110278,0.15634258706855714
ae_lstm,fusivel_ac,Fusível AC,30,0.34,9,281,0.03202846975088968,0.016940085783561033,0.05973926739459827
ae_denso,fusivel_ac,Fusível AC,30,0.35000000000000003,38,281,0.13523131672597866,0.10013394964006278,0.18016744732390166
ae_lstm,fusivel_ac,Fusível AC,30,0.35000000000000003,9,281,0.03202846975088968,0.016940085783561033,0.05973926739459827
ae_denso,fusivel_ac,Fusível AC,30,0.36,51,281,0.18149466192170818,0.14082457681396587,0.230755667364325
ae_lstm,fusivel_ac,Fusível AC,30,0.36,9,281,0.03202846975088968,0.016940085783561033,0.05973926739459827
ae_denso,fusivel_ac,Fusível AC,30,0.37,68,281,0.24199288256227758,0.19561332684677835,0.29533156368870866
ae_lstm,fusivel_ac,Fusível AC,30,0.37,9,281,0.03202846975088968,0.016940085783561033,0.05973926739459827
ae_denso,fusivel_ac,Fusível AC,30,0.38,80,281,0.2846975088967972,0.23511450276473683,0.3400877851993593
ae_lstm,fusivel_ac,Fusível AC,30,0.38,9,281,0.03202846975088968,0.016940085783561033,0.05973926739459827
ae_denso,fusivel_ac,Fusível AC,30,0.39,94,281,0.33451957295373663,0.28191288488180594,0.3915897000823339
ae_lstm,fusivel_ac,Fusível AC,30,0.39,9,281,0.03202846975088968,0.016940085783561033,0.05973926739459827
ae_denso,fusivel_ac,Fusível AC,30,0.4,101,281,0.3594306049822064,0.3055707920600342,0.41708194140412763
ae_lstm,fusivel_ac,Fusível AC,30,0.4,9,281,0.03202846975088968,0.016940085783561033,0.05973926739459827
ae_denso,fusivel_ac,Fusível AC,30,0.41000000000000003,111,281,0.39501779359430605,0.33964501905541045,0.45322221226592563
ae_lstm,fusivel_ac,Fusível AC,30,0.41000000000000003,9,281,0.03202846975088968,0.016940085783561033,0.05973926739459827
ae_denso,fusivel_ac,Fusível AC,30,0.42,120,281,0.42704626334519574,0.3705778391930772,0.48548244019971565
ae_lstm,fusivel_ac,Fusível AC,30,0.42,12,281,0.042704626334519574,0.024594958761119067,0.07314874377419249
ae_denso,fusivel_ac,Fusível AC,30,0.43,127,281,0.45195729537366547,0.3948049690114559,0.5104054588813588
ae_lstm,fusivel_ac,Fusível AC,30,0.43,12,281,0.042704626334519574,0.024594958761119067,0.07314874377419249
ae_denso,fusivel_ac,Fusível AC,30,0.44,134,281,0.47686832740213525,0.41917634504376644,0.5351842313490702
ae_lstm,fusivel_ac,Fusível AC,30,0.44,13,281,0.046263345195729534,0.02723298617698233,0.07753216614404664
ae_denso,fusivel_ac,Fusível AC,30,0.45,134,281,0.47686832740213525,0.41917634504376644,0.5351842313490702
ae_lstm,fusivel_ac,Fusível AC,30,0.45,15,281,0.05338078291814947,0.0326129892407388,0.08619506265172501
ae_denso,fusivel_ac,Fusível AC,30,0.46,139,281,0.49466192170818507,0.4366719012760553,0.5527959240453684
ae_lstm,fusivel_ac,Fusível AC,30,0.46,15,281,0.05338078291814947,0.0326129892407388,0.08619506265172501
ae_denso,fusivel_ac,Fusível AC,30,0.47000000000000003,142,281,0.505338078291815,0.4472040759546316,0.5633280987239446
ae_lstm,fusivel_ac,Fusível AC,30,0.47000000000000003,16,281,0.05693950177935943,0.03534877448046085,0.09048072719772036
ae_denso,fusivel_ac,Fusível AC,30,0.48,142,281,0.505338078291815,0.4472040759546316,0.5633280987239446
ae_lstm,fusivel_ac,Fusível AC,30,0.48,16,281,0.05693950177935943,0.03534877448046085,0.09048072719772036
ae_denso,fusivel_ac,Fusível AC,30,0.49,142,281,0.505338078291815,0.4472040759546316,0.5633280987239446
ae_lstm,fusivel_ac,Fusível AC,30,0.49,17,281,0.060498220640569395,0.038111707522557006,0.09473924394134163
ae_denso,fusivel_ac,Fusível AC,30,0.5,143,281,0.5088967971530249,0.45072060505707895,0.5668330194072145
ae_lstm,fusivel_ac,Fusível AC,30,0.5,17,281,0.060498220640569395,0.038111707522557006,0.09473924394134163
ae_denso,fusivel_ac,Fusível AC,30,0.51,145,281,0.5160142348754448,0.45776237414766074,0.5738341498880676
ae_lstm,fusivel_ac,Fusível AC,30,0.51,19,281,0.06761565836298933,0.04371089781186638,0.10318295322346713
ae_denso,fusivel_ac,Fusível AC,30,0.52,150,281,0.5338078291814946,0.4754177020352789,0.5912860709290365
ae_lstm,fusivel_ac,Fusível AC,30,0.52,19,281,0.06761565836298933,0.04371089781186638,0.10318295322346713
ae_denso,fusivel_ac,Fusível AC,30,0.53,150,281,0.5338078291814946,0.4754177020352789,0.5912860709290365
ae_lstm,fusivel_ac,Fusível AC,30,0.53,22,281,0.07829181494661921,0.05226874306033916,0.11568945733214658
ae_denso,fusivel_ac,Fusível AC,30,0.54,151,281,0.5373665480427047,0.47895751785866836,0.5947677048913645
ae_lstm,fusivel_ac,Fusível AC,30,0.54,24,281,0.08540925266903915,0.058065177647591025,0.12393592231632955
ae_denso,fusivel_ac,Fusível AC,30,0.55,154,281,0.5480427046263345,0.48959454111864115,0.605195030988544
ae_lstm,fusivel_ac,Fusível AC,30,0.55,26,281,0.09252669039145907,0.06392533126523703,0.13211866827011837
ae_denso,fusivel_ac,Fusível AC,30,0.56,160,281,0.5693950177935944,0.5109482096844135,0.6259700611370763
ae_lstm,fusivel_ac,Fusível AC,30,0.56,28,281,0.099644128113879,0.06984289691324555,0.14024400219354471
ae_denso,fusivel_ac,Fusível AC,30,0.5700000000000001,164,281,0.5836298932384342,0.5252436235881915,0.6397604463761678
ae_lstm,fusivel_ac,Fusível AC,30,0.5700000000000001,33,281,0.11743772241992882,0.08485555990511567,0.16033858813026167
ae_denso,fusivel_ac,Fusível AC,30,0.58,174,281,0.6192170818505338,0.5611957721223093,0.6740227956992242
ae_lstm,fusivel_ac,Fusível AC,30,0.58,37,281,0.13167259786476868,0.09705929014023257,0.17622065703801443
ae_denso,fusivel_ac,Fusível AC,30,0.59,186,281,0.6619217081850534,0.6047584195027865,0.7147175457473559
ae_lstm,fusivel_ac,Fusível AC,30,0.59,46,281,0.16370106761565836,0.12502901989184567,0.21144397535785814
ae_denso,fusivel_ac,Fusível AC,30,0.6,197,281,0.701067615658363,0.6451234239109244,0.7515884889821097
ae_lstm,fusivel_ac,Fusível AC,30,0.6,53,281,0.18861209964412812,0.1471875978791547,0.23843554587057103
ae_denso,fusivel_ac,Fusível AC,30,0.61,208,281,0.7402135231316725,0.6859457299930727,0.7880021305428531
ae_lstm,fusivel_ac,Fusível AC,30,0.61,62,281,0.2206405693950178,0.17610409534602728,0.27271209647515526
ae_denso,fusivel_ac,Fusível AC,30,0.62,212,281,0.7544483985765125,0.7009149858522837,0.8011186738265118
ae_lstm,fusivel_ac,Fusível AC,30,0.62,72,281,0.25622775800711745,0.2087121747505294,0.31031851492782736
ae_denso,fusivel_ac,Fusível AC,30,0.63,217,281,0.7722419928825622,0.7197287764808038,0.8174121321265786
ae_lstm,fusivel_ac,Fusível AC,30,0.63,83,281,0.29537366548042704,0.2450815114572726,0.35118512586397566
ae_denso,fusivel_ac,Fusível AC,30,0.64,225,281,0.800711743772242,0.7500892081165174,0.8432232987766044
ae_lstm,fusivel_ac,Fusível AC,30,0.64,95,281,0.33807829181494664,0.285282454252644,0.39524158049721336
ae_denso,fusivel_ac,Fusível AC,30,0.65,231,281,0.8220640569395018,0.7730935772429322,0.8623476283644944
ae_lstm,fusivel_ac,Fusível AC,30,0.65,102,281,0.36298932384341637,0.3089637830659934,0.4207104001838858
ae_denso,fusivel_ac,Fusível AC,30,0.66,233,281,0.8291814946619217,0.7808113942093994,0.868672710969462
ae_lstm,fusivel_ac,Fusível AC,30,0.66,108,281,0.38434163701067614,0.32938945206658227,0.4424134298976015
ae_denso,fusivel_ac,Fusível AC,30,0.67,239,281,0.8505338078291815,0.8041313607603633,0.8874814431328026
ae_lstm,fusivel_ac,Fusível AC,30,0.67,119,281,0.4234875444839858,0.3671287352370002,0.48191009437007526
ae_denso,fusivel_ac,Fusível AC,30,0.68,247,281,0.8790035587188612,0.8356759804225593,0.9121084217563458
ae_lstm,fusivel_ac,Fusível AC,30,0.68,127,281,0.45195729537366547,0.3948049690114559,0.5104054588813588
ae_denso,fusivel_ac,Fusível AC,30,0.6900000000000001,250,281,0.8896797153024911,0.8476644022004254,0.921184349335632
ae_lstm,fusivel_ac,Fusível AC,30,0.6900000000000001,133,281,0.47330960854092524,0.4156859577707497,0.5316531688363695
ae_denso,fusivel_ac,Fusível AC,30,0.7000000000000001,259,281,0.9217081850533808,0.8843105426678534,0.9477312569396609
ae_lstm,fusivel_ac,Fusível AC,30,0.7000000000000001,136,281,0.48398576512455516,0.4261658501119323,0.5422376258523391
ae_denso,fusivel_ac,Fusível AC,30,0.71,266,281,0.9466192170818505,0.9138049373482748,0.967387010759261
ae_lstm,fusivel_ac,Fusível AC,30,0.71,137,281,0.4875444839857651,0.4296649631024977,0.5457599626474912
ae_denso,fusivel_ac,Fusível AC,30,0.72,268,281,0.9537366548042705,0.9224678338559534,0.9727670138230177
ae_lstm,fusivel_ac,Fusível AC,30,0.72,138,281,0.49110320284697506,0.4331669805927853,0.5492793949429209
ae_denso,fusivel_ac,Fusível AC,30,0.73,270,281,0.9608540925266904,0.9312744528968968,0.9780032943535091
ae_lstm,fusivel_ac,Fusível AC,30,0.73,139,281,0.49466192170818507,0.4366719012760553,0.5527959240453684
ae_denso,fusivel_ac,Fusível AC,30,0.74,270,281,0.9608540925266904,0.9312744528968968,0.9780032943535091
ae_lstm,fusivel_ac,Fusível AC,30,0.74,139,281,0.49466192170818507,0.4366719012760553,0.5527959240453684
ae_denso,fusivel_ac,Fusível AC,30,0.75,275,281,0.9786476868327402,0.954206821055696,0.9901781751232968
ae_lstm,fusivel_ac,Fusível AC,30,0.75,139,281,0.49466192170818507,0.4366719012760553,0.5527959240453684
ae_denso,fusivel_ac,Fusível AC,30,0.76,277,281,0.9857651245551602,0.9639771162934658,0.9944507794569619
ae_lstm,fusivel_ac,Fusível AC,30,0.76,140,281,0.498220640569395,0.440179724281692,0.5563095508254492
ae_denso,fusivel_ac,Fusível AC,30,0.77,278,281,0.9893238434163701,0.969086718928308,0.9963626266078373
ae_lstm,fusivel_ac,Fusível AC,30,0.77,140,281,0.498220640569395,0.440179724281692,0.5563095508254492
ae_denso,fusivel_ac,Fusível AC,30,0.78,278,281,0.9893238434163701,0.969086718928308,0.9963626266078373
ae_lstm,fusivel_ac,Fusível AC,30,0.78,140,281,0.498220640569395,0.440179724281692,0.5563095508254492
ae_denso,fusivel_ac,Fusível AC,30,0.79,278,281,0.9893238434163701,0.969086718928308,0.9963626266078373
ae_lstm,fusivel_ac,Fusível AC,30,0.79,140,281,0.498220640569395,0.440179724281692,0.5563095508254492
ae_denso,fusivel_ac,Fusível AC,30,0.8,278,281,0.9893238434163701,0.969086718928308,0.9963626266078373
ae_lstm,fusivel_ac,Fusível AC,30,0.8,140,281,0.498220640569395,0.440179724281692,0.5563095508254492
ae_denso,fusivel_ac,Fusível AC,30,0.81,278,281,0.9893238434163701,0.969086718928308,0.9963626266078373
ae_lstm,fusivel_ac,Fusível AC,30,0.81,140,281,0.498220640569395,0.440179724281692,0.5563095508254492
ae_denso,fusivel_ac,Fusível AC,30,0.8200000000000001,278,281,0.9893238434163701,0.969086718928308,0.9963626266078373
ae_lstm,fusivel_ac,Fusível AC,30,0.8200000000000001,140,281,0.498220640569395,0.440179724281692,0.5563095508254492
ae_denso,fusivel_ac,Fusível AC,30,0.8300000000000001,279,281,0.9928825622775801,0.9744248284120868,0.9980459669097758
ae_lstm,fusivel_ac,Fusível AC,30,0.8300000000000001,140,281,0.498220640569395,0.440179724281692,0.5563095508254492
ae_denso,fusivel_ac,Fusível AC,30,0.84,279,281,0.9928825622775801,0.9744248284120868,0.9980459669097758
ae_lstm,fusivel_ac,Fusível AC,30,0.84,140,281,0.498220640569395,0.440179724281692,0.5563095508254492
ae_denso,fusivel_ac,Fusível AC,30,0.85,280,281,0.99644128113879,0.9801207228327832,0.9993715222747969
ae_lstm,fusivel_ac,Fusível AC,30,0.85,141,281,0.501779359430605,0.4436904491745508,0.559820275718308
ae_denso,fusivel_ac,Fusível AC,30,0.86,281,281,1.0,0.9865136948932973,0.9999999999999998
ae_lstm,fusivel_ac,Fusível AC,30,0.86,141,281,0.501779359430605,0.4436904491745508,0.559820275718308
ae_denso,fusivel_ac,Fusível AC,30,0.87,281,281,1.0,0.9865136948932973,0.9999999999999998
ae_lstm,fusivel_ac,Fusível AC,30,0.87,142,281,0.505338078291815,0.4472040759546316,0.5633280987239446
ae_denso,fusivel_ac,Fusível AC,30,0.88,281,281,1.0,0.9865136948932973,0.9999999999999998
ae_lstm,fusivel_ac,Fusível AC,30,0.88,142,281,0.505338078291815,0.4472040759546316,0.5633280987239446
ae_denso,fusivel_ac,Fusível AC,30,0.89,281,281,1.0,0.9865136948932973,0.9999999999999998
ae_lstm,fusivel_ac,Fusível AC,30,0.89,145,281,0.5160142348754448,0.45776237414766074,0.5738341498880676
ae_denso,fusivel_ac,Fusível AC,30,0.9,281,281,1.0,0.9865136948932973,0.9999999999999998
ae_lstm,fusivel_ac,Fusível AC,30,0.9,150,281,0.5338078291814946,0.4754177020352789,0.5912860709290365
ae_denso,fusivel_ac,Fusível AC,30,0.91,281,281,1.0,0.9865136948932973,0.9999999999999998
ae_lstm,fusivel_ac,Fusível AC,30,0.91,156,281,0.5551601423487544,0.4967005907799736,0.6121318808986465
ae_denso,fusivel_ac,Fusível AC,30,0.92,281,281,1.0,0.9865136948932973,0.9999999999999998
ae_lstm,fusivel_ac,Fusível AC,30,0.92,160,281,0.5693950177935944,0.5109482096844135,0.6259700611370763
ae_denso,fusivel_ac,Fusível AC,30,0.93,281,281,1.0,0.9865136948932973,0.9999999999999998
ae_lstm,fusivel_ac,Fusível AC,30,0.93,167,281,0.594306049822064,0.5359969268322978,0.6500714924892138
ae_denso,fusivel_ac,Fusível AC,30,0.9400000000000001,281,281,1.0,0.9865136948932973,0.9999999999999998
ae_lstm,fusivel_ac,Fusível AC,30,0.9400000000000001,174,281,0.6192170818505338,0.5611957721223093,0.6740227956992242
ae_denso,fusivel_ac,Fusível AC,30,0.9500000000000001,281,281,1.0,0.9865136948932973,0.9999999999999998
ae_lstm,fusivel_ac,Fusível AC,30,0.9500000000000001,181,281,0.6441281138790036,0.5865497950056819,0.6978189213158736
ae_denso,fusivel_ac,Fusível AC,30,0.96,281,281,1.0,0.9865136948932973,0.9999999999999998
ae_lstm,fusivel_ac,Fusível AC,30,0.96,187,281,0.6654804270462633,0.6084102999176659,0.718087115118194
ae_denso,fusivel_ac,Fusível AC,30,0.97,281,281,1.0,0.9865136948932973,0.9999999999999998
ae_lstm,fusivel_ac,Fusível AC,30,0.97,191,281,0.6797153024911032,0.623052548987234,0.7315306651914958
ae_denso,fusivel_ac,Fusível AC,30,0.98,281,281,1.0,0.9865136948932973,0.9999999999999998
ae_lstm,fusivel_ac,Fusível AC,30,0.98,196,281,0.697508896797153,0.6414357398361229,0.7482547232711939
ae_denso,fusivel_ac,Fusível AC,30,0.99,281,281,1.0,0.9865136948932973,0.9999999999999998
ae_lstm,fusivel_ac,Fusível AC,30,0.99,199,281,0.708185053380783,0.652510129134852,0.7582446833296171
ae_denso,fusivel_ac,Fusível AC,30,1.0,281,281,1.0,0.9865136948932973,0.9999999999999998
ae_lstm,fusivel_ac,Fusível AC,30,1.0,202,281,0.7188612099644128,0.663619129729852,0.7682000320917693
