model,component,magnitude,at_risk,events,survival,cumulative_detection,discrete_hazard
ae_denso,contator_ac,0.0,281,0,1.0,0.0,0.0
ae_denso,contator_ac,0.01,281,0,1.0,0.0,0.0
ae_denso,contator_ac,0.02,281,5,0.9822064056939501,0.017793594306049876,0.017793594306049824
ae_denso,contator_ac,0.03,276,0,0.9822064056939501,0.017793594306049876,0.0
ae_denso,contator_ac,0.04,276,0,0.9822064056939501,0.017793594306049876,0.0
ae_denso,contator_ac,0.05,276,0,0.9822064056939501,0.017793594306049876,0.0
ae_denso,contator_ac,0.06,276,0,0.9822064056939501,0.017793594306049876,0.0
ae_denso,contator_ac,0.07,276,0,0.9822064056939501,0.017793594306049876,0.0
ae_denso,contator_ac,0.08,276,0,0.9822064056939501,0.017793594306049876,0.0
ae_denso,contator_ac,0.09,276,0,0.9822064056939501,0.017793594306049876,0.0
ae_denso,contator_ac,0.1,276,0,0.9822064056939501,0.017793594306049876,0.0
ae_denso,contator_ac,0.11,276,0,0.9822064056939501,0.017793594306049876,0.0
ae_denso,contator_ac,0.12,276,0,0.9822064056939501,0.017793594306049876,0.0
ae_denso,contator_ac,0.13,276,0,0.9822064056939501,0.017793594306049876,0.0
ae_denso,contator_ac,0.14,276,0,0.9822064056939501,0.017793594306049876,0.0
ae_denso,contator_ac,0.15,276,1,0.9786476868327402,0.02135231316725983,0.0036231884057971015
ae_denso,contator_ac,0.16,275,0,0.9786476868327402,0.02135231316725983,0.0
ae_denso,contator_ac,0.17,275,0,0.9786476868327402,0.02135231316725983,0.0
ae_denso,contator_ac,0.18,275,1,0.9750889679715302,0.02491103202846978,0.0036363636363636364
ae_denso,contator_ac,0.19,274,0,0.9750889679715302,0.02491103202846978,0.0
ae_denso,contator_ac,0.2,274,1,0.9715302491103202,0.028469750889679846,0.0036496350364963502
ae_denso,contator_ac,0.21,273,3,0.9608540925266903,0.039145907473309705,0.01098901098901099
ae_denso,contator_ac,0.22,270,5,0.9430604982206405,0.05693950177935947,0.018518518518518517
ae_denso,contator_ac,0.23,265,10,0.9074733096085409,0.09252669039145911,0.03773584905660377
ae_denso,contator_ac,0.24,255,9,0.8754448398576512,0.1245551601423488,0.03529411764705882
ae_denso,contator_ac,0.25,246,12,0.8327402135231315,0.16725978647686846,0.04878048780487805
ae_denso,contator_ac,0.26,234,6,0.8113879003558717,0.18861209964412828,0.02564102564102564
ae_denso,contator_ac,0.27,228,10,0.7758007117437721,0.22419928825622792,0.043859649122807015
ae_denso,contator_ac,0.28,218,13,0.7295373665480426,0.2704626334519574,0.05963302752293578
ae_denso,contator_ac,0.29,205,12,0.6868327402135229,0.3131672597864771,0.05853658536585366
ae_denso,contator_ac,0.3,193,5,0.6690391459074732,0.33096085409252685,0.025906735751295335
ae_denso,contator_ac,0.31,188,7,0.6441281138790034,0.35587188612099663,0.03723404255319149
ae_denso,contator_ac,0.32,181,10,0.6085409252669037,0.39145907473309627,0.055248618784530384
ae_denso,contator_ac,0.33,171,13,0.5622775800711742,0.43772241992882577,0.07602339181286549
ae_denso,contator_ac,0.34,158,7,0.5373665480427045,0.46263345195729555,0.04430379746835443
ae_denso,contator_ac,0.35000000000000003,151,10,0.5017793594306048,0.4982206405693952,0.06622516556291391
ae_denso,contator_ac,0.36,141,12,0.45907473309608526,0.5409252669039147,0.0851063829787234
ae_denso,contator_ac,0.37,129,15,0.4056939501779358,0.5943060498220643,0.11627906976744186
ae_denso,contator_ac,0.38,114,6,0.38434163701067603,0.615658362989324,0.05263157894736842
ae_denso,contator_ac,0.39,108,4,0.3701067615658362,0.6298932384341638,0.037037037037037035
ae_denso,contator_ac,0.4,104,13,0.3238434163701067,0.6761565836298933,0.125
ae_denso,contator_ac,0.41000000000000003,91,9,0.29181494661921703,0.708185053380783,0.0989010989010989
ae_denso,contator_ac,0.42,82,7,0.2669039145907473,0.7330960854092528,0.08536585365853659
ae_denso,contator_ac,0.43,75,7,0.24199288256227755,0.7580071174377224,0.09333333333333334
ae_denso,contator_ac,0.44,68,10,0.2064056939501779,0.7935943060498221,0.14705882352941177
ae_denso,contator_ac,0.45,58,6,0.18505338078291814,0.8149466192170819,0.10344827586206896
ae_denso,contator_ac,0.46,52,9,0.15302491103202845,0.8469750889679716,0.17307692307692307
ae_denso,contator_ac,0.47000000000000003,43,4,0.1387900355871886,0.8612099644128114,0.09302325581395349
ae_denso,contator_ac,0.48,39,4,0.12455516014234876,0.8754448398576512,0.10256410256410256
ae_denso,contator_ac,0.49,35,5,0.10676156583629894,0.8932384341637011,0.14285714285714285
ae_denso,contator_ac,0.5,30,5,0.08896797153024912,0.9110320284697508,0.16666666666666666
ae_denso,contator_ac,0.51,25,3,0.07829181494661923,0.9217081850533808,0.12
ae_denso,contator_ac,0.52,22,7,0.05338078291814948,0.9466192170818505,0.3181818181818182
ae_denso,contator_ac,0.53,15,4,0.03914590747330962,0.9608540925266904,0.26666666666666666
ae_denso,contator_ac,0.54,11,4,0.024911032028469757,0.9750889679715302,0.36363636363636365
ae_denso,contator_ac,0.55,7,0,0.024911032028469757,0.9750889679715302,0.0
ae_denso,contator_ac,0.56,7,2,0.017793594306049827,0.9822064056939501,0.2857142857142857
ae_denso,contator_ac,0.5700000000000001,5,0,0.017793594306049827,0.9822064056939501,0.0
ae_denso,contator_ac,0.58,5,2,0.010676156583629895,0.9893238434163701,0.4
ae_denso,contator_ac,0.59,3,0,0.010676156583629895,0.9893238434163701,0.0
ae_denso,contator_ac,0.6,3,2,0.0035587188612099655,0.99644128113879,0.6666666666666666
ae_denso,contator_ac,0.61,1,1,0.0,1.0,1.0
ae_denso,contator_ac,0.62,0,0,0.0,1.0,0.0
ae_denso,contator_ac,0.63,0,0,0.0,1.0,0.0
ae_denso,contator_ac,0.64,0,0,0.0,1.0,0.0
ae_denso,contator_ac,0.65,0,0,0.0,1.0,0.0
ae_denso,contator_ac,0.66,0,0,0.0,1.0,0.0
ae_denso,contator_ac,0.67,0,0,0.0,1.0,0.0
ae_denso,contator_ac,0.68,0,0,0.0,1.0,0.0
ae_denso,contator_ac,0.6900000000000001,0,0,0.0,1.0,0.0
ae_denso,contator_ac,0.7000000000000001,0,0,0.0,1.0,0.0
ae_denso,contator_ac,0.71,0,0,0.0,1.0,0.0
ae_denso,contator_ac,0.72,0,0,0.0,1.0,0.0
ae_denso,contator_ac,0.73,0,0,0.0,1.0,0.0
ae_denso,contator_ac,0.74,0,0,0.0,1.0,0.0
ae_denso,contator_ac,0.75,0,0,0.0,1.0,0.0
ae_denso,contator_ac,0.76,0,0,0.0,1.0,0.0
ae_denso,contator_ac,0.77,0,0,0.0,1.0,0.0
ae_denso,contator_ac,0.78,0,0,0.0,1.0,0.0
ae_denso,contator_ac,0.79,0,0,0.0,1.0,0.0
ae_denso,contator_ac,0.8,0,0,0.0,1.0,0.0
ae_denso,contator_ac,0.81,0,0,0.0,1.0,0.0
ae_denso,contator_ac,0.8200000000000001,0,0,0.0,1.0,0.0
ae_denso,contator_ac,0.8300000000000001,0,0,0.0,1.0,0.0
ae_denso,contator_ac,0.84,0,0,0.0,1.0,0.0
ae_denso,contator_ac,0.85,0,0,0.0,1.0,0.0
ae_denso,contator_ac,0.86,0,0,0.0,1.0,0.0
ae_denso,contator_ac,0.87,0,0,0.0,1.0,0.0
ae_denso,contator_ac,0.88,0,0,0.0,1.0,0.0
ae_denso,contator_ac,0.89,0,0,0.0,1.0,0.0
ae_denso,contator_ac,0.9,0,0,0.0,1.0,0.0
ae_denso,contator_ac,0.91,0,0,0.0,1.0,0.0
ae_denso,contator_ac,0.92,0,0,0.0,1.0,0.0
ae_denso,contator_ac,0.93,0,0,0.0,1.0,0.0
ae_denso,contator_ac,0.9400000000000001,0,0,0.0,1.0,0.0
ae_denso,contator_ac,0.9500000000000001,0,0,0.0,1.0,0.0
ae_denso,contator_ac,0.96,0,0,0.0,1.0,0.0
ae_denso,contator_ac,0.97,0,0,0.0,1.0,0.0
ae_denso,contator_ac,0.98,0,0,0.0,1.0,0.0
ae_denso,contator_ac,0.99,0,0,0.0,1.0,0.0
ae_denso,contator_ac,1.0,0,0,0.0,1.0,0.0
ae_lstm,contator_ac,0.0,281,0,1.0,0.0,0.0
ae_lstm,contator_ac,0.01,281,0,1.0,0.0,0.0
ae_lstm,contator_ac,0.02,281,8,0.9715302491103203,0.028469750889679735,0.028469750889679714
ae_lstm,contator_ac,0.03,273,0,0.9715302491103203,0.028469750889679735,0.0
ae_lstm,contator_ac,0.04,273,0,0.9715302491103203,0.028469750889679735,0.0
ae_lstm,contator_ac,0.05,273,0,0.9715302491103203,0.028469750889679735,0.0
ae_lstm,contator_ac,0.06,273,0,0.9715302491103203,0.028469750889679735,0.0
ae_lstm,contator_ac,0.07,273,0,0.9715302491103203,0.028469750889679735,0.0
ae_lstm,contator_ac,0.08,273,0,0.9715302491103203,0.028469750889679735,0.0
ae_lstm,contator_ac,0.09,273,0,0.9715302491103203,0.028469750889679735,0.0
ae_lstm,contator_ac,0.1,273,0,0.9715302491103203,0.028469750889679735,0.0
ae_lstm,contator_ac,0.11,273,0,0.9715302491103203,0.028469750889679735,0.0
ae_lstm,contator_ac,0.12,273,0,0.9715302491103203,0.028469750889679735,0.0
ae_lstm,contator_ac,0.13,273,0,0.9715302491103203,0.028469750889679735,0.0
ae_lstm,contator_ac,0.14,273,0,0.9715302491103203,0.028469750889679735,0.0
ae_lstm,contator_ac,0.15,273,0,0.9715302491103203,0.028469750889679735,0.0
ae_lstm,contator_ac,0.16,273,0,0.9715302491103203,0.028469750889679735,0.0
ae_lstm,contator_ac,0.17,273,0,0.9715302491103203,0.028469750889679735,0.0
ae_lstm,contator_ac,0.18,273,0,0.9715302491103203,0.028469750889679735,0.0
ae_lstm,contator_ac,0.19,273,1,0.9679715302491103,0.03202846975088969,0.003663003663003663
ae_lstm,contator_ac,0.2,272,0,0.9679715302491103,0.03202846975088969,0.0
ae_lstm,contator_ac,0.21,272,0,0.9679715302491103,0.03202846975088969,0.0
ae_lstm,contator_ac,0.22,272,0,0.9679715302491103,0.03202846975088969,0.0
ae_lstm,contator_ac,0.23,272,0,0.9679715302491103,0.03202846975088969,0.0
ae_lstm,contator_ac,0.24,272,2,0.9608540925266904,0.039145907473309594,0.007352941176470588
ae_lstm,contator_ac,0.25,270,3,0.9501779359430605,0.04982206405693945,0.011111111111111112
ae_lstm,contator_ac,0.26,267,0,0.9501779359430605,0.04982206405693945,0.0
ae_lstm,contator_ac,0.27,267,2,0.9430604982206406,0.05693950177935936,0.00749063670411985
ae_lstm,contator_ac,0.28,265,1,0.9395017793594307,0.06049822064056931,0.0037735849056603774
ae_lstm,contator_ac,0.29,264,2,0.9323843416370108,0.06761565836298922,0.007575757575757576
ae_lstm,contator_ac,0.3,262,1,0.9288256227758008,0.07117437722419917,0.003816793893129771
ae_lstm,contator_ac,0.31,261,2,0.9217081850533809,0.07829181494661908,0.007662835249042145
ae_lstm,contator_ac,0.32,259,3,0.9110320284697511,0.08896797153024893,0.011583011583011582
ae_lstm,contator_ac,0.33,256,3,0.9003558718861212,0.0996441281138788,0.01171875
ae_lstm,contator_ac,0.34,253,6,0.8790035587188615,0.12099644128113851,0.023715415019762844
ae_lstm,contator_ac,0.35000000000000003,247,9,0.8469750889679718,0.1530249110320282,0.03643724696356275
ae_lstm,contator_ac,0.36,238,10,0.8113879003558722,0.18861209964412784,0.04201680672268908
ae_lstm,contator_ac,0.37,228,11,0.7722419928825625,0.22775800711743754,0.04824561403508772
ae_lstm,contator_ac,0.38,217,8,0.7437722419928827,0.2562277580071173,0.03686635944700461
ae_lstm,contator_ac,0.39,209,7,0.718861209964413,0.28113879003558695,0.03349282296650718
ae_lstm,contator_ac,0.4,202,6,0.6975088967971532,0.3024911032028468,0.0297029702970297
ae_lstm,contator_ac,0.41000000000000003,196,12,0.6548042704626337,0.3451957295373663,0.061224489795918366
ae_lstm,contator_ac,0.42,184,9,0.622775800711744,0.377224199288256,0.04891304347826087
ae_lstm,contator_ac,0.43,175,6,0.6014234875444842,0.39857651245551584,0.03428571428571429
ae_lstm,contator_ac,0.44,169,9,0.5693950177935945,0.43060498220640553,0.05325443786982249
ae_lstm,contator_ac,0.45,160,4,0.5551601423487545,0.44483985765124545,0.025
ae_lstm,contator_ac,0.46,156,5,0.5373665480427047,0.4626334519572953,0.03205128205128205
ae_lstm,contator_ac,0.47000000000000003,151,4,0.5231316725978647,0.47686832740213525,0.026490066225165563
ae_lstm,contator_ac,0.48,147,1,0.5195729537366548,0.4804270462633452,0.006802721088435374
ae_lstm,contator_ac,0.49,146,1,0.5160142348754448,0.48398576512455516,0.00684931506849315
ae_lstm,contator_ac,0.5,145,1,0.5124555160142349,0.4875444839857651,0.006896551724137931
ae_lstm,contator_ac,0.51,144,3,0.501779359430605,0.49822064056939497,0.020833333333333332
ae_lstm,contator_ac,0.52,141,2,0.49466192170818507,0.5053380782918149,0.014184397163120567
ae_lstm,contator_ac,0.53,139,1,0.4911032028469751,0.5088967971530249,0.007194244604316547
ae_lstm,contator_ac,0.54,138,2,0.4839857651245552,0.5160142348754448,0.014492753623188406
ae_lstm,contator_ac,0.55,136,2,0.4768683274021353,0.5231316725978647,0.014705882352941176
ae_lstm,contator_ac,0.56,134,4,0.46263345195729544,0.5373665480427046,0.029850746268656716
ae_lstm,contator_ac,0.5700000000000001,130,1,0.4590747330960855,0.5409252669039145,0.007692307692307693
ae_lstm,contator_ac,0.58,129,9,0.4270462633451958,0.5729537366548042,0.06976744186046512
ae_lstm,contator_ac,0.59,120,6,0.40569395017793597,0.594306049822064,0.05
ae_lstm,contator_ac,0.6,114,4,0.3914590747330961,0.6085409252669038,0.03508771929824561
ae_lstm,contator_ac,0.61,110,8,0.36298932384341637,0.6370106761565837,0.07272727272727272
ae_lstm,contator_ac,0.62,102,9,0.3309608540925267,0.6690391459074734,0.08823529411764706
ae_lstm,contator_ac,0.63,93,5,0.31316725978647686,0.6868327402135231,0.053763440860215055
ae_lstm,contator_ac,0.64,88,4,0.298932384341637,0.7010676156583631,0.045454545454545456
ae_lstm,contator_ac,0.65,84,10,0.26334519572953735,0.7366548042704626,0.11904761904761904
ae_lstm,contator_ac,0.66,74,10,0.2277580071174377,0.7722419928825623,0.13513513513513514
ae_lstm,contator_ac,0.67,64,7,0.20284697508896796,0.797153024911032,0.109375
ae_lstm,contator_ac,0.68,57,6,0.18149466192170818,0.8185053380782918,0.10526315789473684
ae_lstm,contator_ac,0.6900000000000001,51,3,0.1708185053380783,0.8291814946619217,0.058823529411764705
ae_lstm,contator_ac,0.7000000000000001,48,6,0.14946619217081852,0.8505338078291815,0.125
ae_lstm,contator_ac,0.71,42,2,0.1423487544483986,0.8576512455516014,0.047619047619047616
ae_lstm,contator_ac,0.72,40,4,0.12811387900355872,0.8718861209964412,0.1
ae_lstm,contator_ac,0.73,36,6,0.10676156583629894,0.8932384341637011,0.16666666666666666
ae_lstm,contator_ac,0.74,30,5,0.08896797153024912,0.9110320284697508,0.16666666666666666
ae_lstm,contator_ac,0.75,25,3,0.07829181494661923,0.9217081850533808,0.12
ae_lstm,contator_ac,0.76,22,6,0.05693950177935944,0.9430604982206405,0.2727272727272727
ae_lstm,contator_ac,0.77,16,5,0.039145907473309614,0.9608540925266904,0.3125
ae_lstm,contator_ac,0.78,11,2,0.03202846975088968,0.9679715302491103,0.18181818181818182
ae_lstm,contator_ac,0.79,9,1,0.028469750889679714,0.9715302491103203,0.1111111111111111
ae_lstm,contator_ac,0.8,8,2,0.021352313167259787,0.9786476868327402,0.25
ae_lstm,contator_ac,0.81,6,0,0.021352313167259787,0.9786476868327402,0.0
ae_lstm,contator_ac,0.8200000000000001,6,3,0.010676156583629894,0.9893238434163701,0.5
ae_lstm,contator_ac,0.8300000000000001,3,2,0.003558718861209965,0.99644128113879,0.6666666666666666
ae_lstm,contator_ac,0.84,1,0,0.003558718861209965,0.99644128113879,0.0
ae_lstm,contator_ac,0.85,1,0,0.003558718861209965,0.99644128113879,0.0
ae_lstm,contator_ac,0.86,1,1,0.0,1.0,1.0
ae_lstm,contator_ac,0.87,0,0,0.0,1.0,0.0
ae_lstm,contator_ac,0.88,0,0,0.0,1.0,0.0
ae_lstm,contator_ac,0.89,0,0,0.0,1.0,0.0
ae_lstm,contator_ac,0.9,0,0,0.0,1.0,0.0
ae_lstm,contator_ac,0.91,0,0,0.0,1.0,0.0
ae_lstm,contator_ac,0.92,0,0,0.0,1.0,0.0
ae_lstm,contator_ac,0.93,0,0,0.0,1.0,0.0
ae_lstm,contator_ac,0.9400000000000001,0,0,0.0,1.0,0.0
ae_lstm,contator_ac,0.9500000000000001,0,0,0.0,1.0,0.0
ae_lstm,contator_ac,0.96,0,0,0.0,1.0,0.0
ae_lstm,contator_ac,0.97,0,0,0.0,1.0,0.0
ae_lstm,contator_ac,0.98,0,0,0.0,1.0,0.0
ae_lstm,contator_ac,0.99,0,0,0.0,1.0,0.0
ae_lstm,contator_ac,1.0,0,0,0.0,1.0,0.0
ae_denso,igbt,0.0,281,0,1.0,0.0,0.0
ae_denso,igbt,0.01,281,0,1.0,0.0,0.0
ae_denso,igbt,0.02,281,5,0.9822064056939501,0.017793594306049876,0.017793594306049824
ae_denso,igbt,0.03,276,0,0.9822064056939501,0.017793594306049876,0.0
ae_denso,igbt,0.04,276,0,0.9822064056939501,0.017793594306049876,0.0
ae_denso,igbt,0.05,276,0,0.9822064056939501,0.017793594306049876,0.0
ae_denso,igbt,0.06,276,0,0.9822064056939501,0.017793594306049876,0.0
ae_denso,igbt,0.07,276,0,0.9822064056939501,0.017793594306049876,0.0
ae_denso,igbt,0.08,276,0,0.9822064056939501,0.017793594306049876,0.0
ae_denso,igbt,0.09,276,0,0.9822064056939501,0.017793594306049876,0.0
ae_denso,igbt,0.1,276,0,0.9822064056939501,0.017793594306049876,0.0
ae_denso,igbt,0.11,276,0,0.9822064056939501,0.017793594306049876,0.0
ae_denso,igbt,0.12,276,0,0.9822064056939501,0.017793594306049876,0.0
ae_denso,igbt,0.13,276,2,0.9750889679715302,0.02491103202846978,0.007246376811594203
ae_denso,igbt,0.14,274,2,0.9679715302491103,0.03202846975088969,0.0072992700729927005
ae_denso,igbt,0.15,272,3,0.9572953736654805,0.042704626334519546,0.011029411764705883
ae_denso,igbt,0.16,269,7,0.9323843416370108,0.06761565836298922,0.026022304832713755
ae_denso,igbt,0.17,262,6,0.911032028469751,0.08896797153024905,0.022900763358778626
ae_denso,igbt,0.18,256,8,0.8825622775800712,0.11743772241992878,0.03125
ae_denso,igbt,0.19,248,14,0.8327402135231318,0.16725978647686823,0.056451612903225805
ae_denso,igbt,0.2,234,15,0.7793594306049823,0.22064056939501775,0.0641025641025641
ae_denso,igbt,0.21,219,13,0.7330960854092528,0.26690391459074725,0.0593607305936073
ae_denso,igbt,0.22,206,16,0.6761565836298934,0.3238434163701066,0.07766990291262135
ae_denso,igbt,0.23,190,21,0.6014234875444842,0.39857651245551584,0.11052631578947368
ae_denso,igbt,0.24,169,15,0.5480427046263346,0.45195729537366536,0.08875739644970414
ae_denso,igbt,0.25,154,9,0.516014234875445,0.48398576512455505,0.05844155844155844
ae_denso,igbt,0.26,145,11,0.4768683274021353,0.5231316725978647,0.07586206896551724
ae_denso,igbt,0.27,134,14,0.4270462633451958,0.5729537366548042,0.1044776119402985
ae_denso,igbt,0.28,120,10,0.39145907473309616,0.6085409252669038,0.08333333333333333
ae_denso,igbt,0.29,110,5,0.37366548042704634,0.6263345195729537,0.045454545454545456
ae_denso,igbt,0.3,105,9,0.34163701067615665,0.6583629893238434,0.08571428571428572
ae_denso,igbt,0.31,96,11,0.302491103202847,0.697508896797153,0.11458333333333333
ae_denso,igbt,0.32,85,7,0.2775800711743772,0.7224199288256228,0.08235294117647059
ae_denso,igbt,0.33,78,8,0.2491103202846975,0.7508896797153025,0.10256410256410256
ae_denso,igbt,0.34,70,4,0.23487544483985764,0.7651245551601423,0.05714285714285714
ae_denso,igbt,0.35000000000000003,66,1,0.2313167259786477,0.7686832740213523,0.015151515151515152
ae_denso,igbt,0.36,65,4,0.21708185053380782,0.7829181494661922,0.06153846153846154
ae_denso,igbt,0.37,61,4,0.20284697508896798,0.797153024911032,0.06557377049180328
ae_denso,igbt,0.38,57,2,0.19572953736654805,0.8042704626334519,0.03508771929824561
ae_denso,igbt,0.39,55,6,0.17437722419928825,0.8256227758007118,0.10909090909090909
ae_denso,igbt,0.4,49,8,0.14590747330960854,0.8540925266903915,0.16326530612244897
ae_denso,igbt,0.41000000000000003,41,12,0.10320284697508897,0.896797153024911,0.2926829268292683
ae_denso,igbt,0.42,29,6,0.08185053380782918,0.9181494661921709,0.20689655172413793
ae_denso,igbt,0.43,23,10,0.04626334519572954,0.9537366548042705,0.43478260869565216
ae_denso,igbt,0.44,13,4,0.03202846975088968,0.9679715302491103,0.3076923076923077
ae_denso,igbt,0.45,9,4,0.017793594306049824,0.9822064056939501,0.4444444444444444
ae_denso,igbt,0.46,5,4,0.003558718861209964,0.99644128113879,0.8
ae_denso,igbt,0.47000000000000003,1,1,0.0,1.0,1.0
ae_denso,igbt,0.48,0,0,0.0,1.0,0.0
ae_denso,igbt,0.49,0,0,0.0,1.0,0.0
ae_denso,igbt,0.5,0,0,0.0,1.0,0.0
ae_denso,igbt,0.51,0,0,0.0,1.0,0.0
ae_denso,igbt,0.52,0,0,0.0,1.0,0.0
ae_denso,igbt,0.53,0,0,0.0,1.0,0.0
ae_denso,igbt,0.54,0,0,0.0,1.0,0.0
ae_denso,igbt,0.55,0,0,0.0,1.0,0.0
ae_denso,igbt,0.56,0,0,0.0,1.0,0.0
ae_denso,igbt,0.5700000000000001,0,0,0.0,1.0,0.0
ae_denso,igbt,0.58,0,0,0.0,1.0,0.0
ae_denso,igbt,0.59,0,0,0.0,1.0,0.0
ae_denso,igbt,0.6,0,0,0.0,1.0,0.0
ae_denso,igbt,0.61,0,0,0.0,1.0,0.0
ae_denso,igbt,0.62,0,0,0.0,1.0,0.0
ae_denso,igbt,0.63,0,0,0.0,1.0,0.0
ae_denso,igbt,0.64,0,0,0.0,1.0,0.0
ae_denso,igbt,0.65,0,0,0.0,1.0,0.0
ae_denso,igbt,0.66,0,0,0.0,1.0,0.0
ae_denso,igbt,0.67,0,0,0.0,1.0,0.0
ae_denso,igbt,0.68,0,0,0.0,1.0,0.0
ae_denso,igbt,0.6900000000000001,0,0,0.0,1.0,0.0
ae_denso,igbt,0.7000000000000001,0,0,0.0,1.0,0.0
ae_denso,igbt,0.71,0,0,0.0,1.0,0.0
ae_denso,igbt,0.72,0,0,0.0,1.0,0.0
ae_denso,igbt,0.73,0,0,0.0,1.0,0.0
ae_denso,igbt,0.74,0,0,0.0,1.0,0.0
ae_denso,igbt,0.75,0,0,0.0,1.0,0.0
ae_denso,igbt,0.76,0,0,0.0,1.0,0.0
ae_denso,igbt,0.77,0,0,0.0,1.0,0.0
ae_denso,igbt,0.78,0,0,0.0,1.0,0.0
ae_denso,igbt,0.79,0,0,0.0,1.0,0.0
ae_denso,igbt,0.8,0,0,0.0,1.0,0.0
ae_denso,igbt,0.81,0,0,0.0,1.0,0.0
ae_denso,igbt,0.8200000000000001,0,0,0.0,1.0,0.0
ae_denso,igbt,0.8300000000000001,0,0,0.0,1.0,0.0
ae_denso,igbt,0.84,0,0,0.0,1.0,0.0
ae_denso,igbt,0.85,0,0,0.0,1.0,0.0
ae_denso,igbt,0.86,0,0,0.0,1.0,0.0
ae_denso,igbt,0.87,0,0,0.0,1.0,0.0
ae_denso,igbt,0.88,0,0,0.0,1.0,0.0
ae_denso,igbt,0.89,0,0,0.0,1.0,0.0
ae_denso,igbt,0.9,0,0,0.0,1.0,0.0
ae_denso,igbt,0.91,0,0,0.0,1.0,0.0
ae_denso,igbt,0.92,0,0,0.0,1.0,0.0
ae_denso,igbt,0.93,0,0,0.0,1.0,0.0
ae_denso,igbt,0.9400000000000001,0,0,0.0,1.0,0.0
ae_denso,igbt,0.9500000000000001,0,0,0.0,1.0,0.0
ae_denso,igbt,0.96,0,0,0.0,1.0,0.0
ae_denso,igbt,0.97,0,0,0.0,1.0,0.0
ae_denso,igbt,0.98,0,0,0.0,1.0,0.0
ae_denso,igbt,0.99,0,0,0.0,1.0,0.0
ae_denso,igbt,1.0,0,0,0.0,1.0,0.0
ae_lstm,igbt,0.0,281,0,1.0,0.0,0.0
ae_lstm,igbt,0.01,281,0,1.0,0.0,0.0
ae_lstm,igbt,0.02,281,8,0.9715302491103203,0.028469750889679735,0.028469750889679714
ae_lstm,igbt,0.03,273,0,0.9715302491103203,0.028469750889679735,0.0
ae_lstm,igbt,0.04,273,0,0.9715302491103203,0.028469750889679735,0.0
ae_lstm,igbt,0.05,273,0,0.9715302491103203,0.028469750889679735,0.0
ae_lstm,igbt,0.06,273,0,0.9715302491103203,0.028469750889679735,0.0
ae_lstm,igbt,0.07,273,0,0.9715302491103203,0.028469750889679735,0.0
ae_lstm,igbt,0.08,273,0,0.9715302491103203,0.028469750889679735,0.0
ae_lstm,igbt,0.09,273,0,0.9715302491103203,0.028469750889679735,0.0
ae_lstm,igbt,0.1,273,0,0.9715302491103203,0.028469750889679735,0.0
ae_lstm,igbt,0.11,273,0,0.9715302491103203,0.028469750889679735,0.0
ae_lstm,igbt,0.12,273,1,0.9679715302491103,0.03202846975088969,0.003663003663003663
ae_lstm,igbt,0.13,272,0,0.9679715302491103,0.03202846975088969,0.0
ae_lstm,igbt,0.14,272,0,0.9679715302491103,0.03202846975088969,0.0
ae_lstm,igbt,0.15,272,0,0.9679715302491103,0.03202846975088969,0.0
ae_lstm,igbt,0.16,272,0,0.9679715302491103,0.03202846975088969,0.0
ae_lstm,igbt,0.17,272,0,0.9679715302491103,0.03202846975088969,0.0
ae_lstm,igbt,0.18,272,2,0.9608540925266904,0.039145907473309594,0.007352941176470588
ae_lstm,igbt,0.19,270,0,0.9608540925266904,0.039145907473309594,0.0
ae_lstm,igbt,0.2,270,4,0.9466192170818505,0.053380782918149516,0.014814814814814815
ae_lstm,igbt,0.21,266,5,0.9288256227758006,0.07117437722419939,0.018796992481203006
ae_lstm,igbt,0.22,261,10,0.893238434163701,0.10676156583629903,0.038314176245210725
ae_lstm,igbt,0.23,251,4,0.8790035587188612,0.12099644128113884,0.01593625498007968
ae_lstm,igbt,0.24,247,16,0.8220640569395018,0.1779359430604982,0.06477732793522267
ae_lstm,igbt,0.25,231,26,0.7295373665480428,0.2704626334519572,0.11255411255411256
ae_lstm,igbt,0.26,205,37,0.5978647686832741,0.4021352313167259,0.18048780487804877
ae_lstm,igbt,0.27,168,18,0.5338078291814947,0.4661921708185053,0.10714285714285714
ae_lstm,igbt,0.28,150,6,0.5124555160142349,0.4875444839857651,0.04
ae_lstm,igbt,0.29,144,5,0.49466192170818507,0.5053380782918149,0.034722222222222224
ae_lstm,igbt,0.3,139,4,0.4804270462633452,0.5195729537366548,0.02877697841726619
ae_lstm,igbt,0.31,135,9,0.4483985765124555,0.5516014234875445,0.06666666666666667
ae_lstm,igbt,0.32,126,13,0.402135231316726,0.597864768683274,0.10317460317460317
ae_lstm,igbt,0.33,113,18,0.33807829181494664,0.6619217081850534,0.1592920353982301
ae_lstm,igbt,0.34,95,17,0.2775800711743772,0.7224199288256228,0.17894736842105263
ae_lstm,igbt,0.35000000000000003,78,19,0.2099644128113879,0.7900355871886121,0.24358974358974358
ae_lstm,igbt,0.36,59,14,0.16014234875444838,0.8398576512455516,0.23728813559322035
ae_lstm,igbt,0.37,45,15,0.10676156583629894,0.8932384341637011,0.3333333333333333
ae_lstm,igbt,0.38,30,7,0.08185053380782918,0.9181494661921709,0.23333333333333334
ae_lstm,igbt,0.39,23,5,0.06405693950177936,0.9359430604982206,0.21739130434782608
ae_lstm,igbt,0.4,18,4,0.0498220640569395,0.9501779359430605,0.2222222222222222
ae_lstm,igbt,0.41000000000000003,14,7,0.02491103202846975,0.9750889679715302,0.5
ae_lstm,igbt,0.42,7,4,0.010676156583629894,0.9893238434163701,0.5714285714285714
ae_lstm,igbt,0.43,3,1,0.00711743772241993,0.9928825622775801,0.3333333333333333
ae_lstm,igbt,0.44,2,1,0.003558718861209965,0.99644128113879,0.5
ae_lstm,igbt,0.45,1,1,0.0,1.0,1.0
ae_lstm,igbt,0.46,0,0,0.0,1.0,0.0
ae_lstm,igbt,0.47000000000000003,0,0,0.0,1.0,0.0
ae_lstm,igbt,0.48,0,0,0.0,1.0,0.0
ae_lstm,igbt,0.49,0,0,0.0,1.0,0.0
ae_lstm,igbt,0.5,0,0,0.0,1.0,0.0
ae_lstm,igbt,0.51,0,0,0.0,1.0,0.0
ae_lstm,igbt,0.52,0,0,0.0,1.0,0.0
ae_lstm,igbt,0.53,0,0,0.0,1.0,0.0
ae_lstm,igbt,0.54,0,0,0.0,1.0,0.0
ae_lstm,igbt,0.55,0,0,0.0,1.0,0.0
ae_lstm,igbt,0.56,0,0,0.0,1.0,0.0
ae_lstm,igbt,0.5700000000000001,0,0,0.0,1.0,0.0
ae_lstm,igbt,0.58,0,0,0.0,1.0,0.0
ae_lstm,igbt,0.59,0,0,0.0,1.0,0.0
ae_lstm,igbt,0.6,0,0,0.0,1.0,0.0
ae_lstm,igbt,0.61,0,0,0.0,1.0,0.0
ae_lstm,igbt,0.62,0,0,0.0,1.0,0.0
ae_lstm,igbt,0.63,0,0,0.0,1.0,0.0
ae_lstm,igbt,0.64,0,0,0.0,1.0,0.0
ae_lstm,igbt,0.65,0,0,0.0,1.0,0.0
ae_lstm,igbt,0.66,0,0,0.0,1.0,0.0
ae_lstm,igbt,0.67,0,0,0.0,1.0,0.0
ae_lstm,igbt,0.68,0,0,0.0,1.0,0.0
ae_lstm,igbt,0.6900000000000001,0,0,0.0,1.0,0.0
ae_lstm,igbt,0.7000000000000001,0,0,0.0,1.0,0.0
ae_lstm,igbt,0.71,0,0,0.0,1.0,0.0
ae_lstm,igbt,0.72,0,0,0.0,1.0,0.0
ae_lstm,igbt,0.73,0,0,0.0,1.0,0.0
ae_lstm,igbt,0.74,0,0,0.0,1.0,0.0
ae_lstm,igbt,0.75,0,0,0.0,1.0,0.0
ae_lstm,igbt,0.76,0,0,0.0,1.0,0.0
ae_lstm,igbt,0.77,0,0,0.0,1.0,0.0
ae_lstm,igbt,0.78,0,0,0.0,1.0,0.0
ae_lstm,igbt,0.79,0,0,0.0,1.0,0.0
ae_lstm,igbt,0.8,0,0,0.0,1.0,0.0
ae_lstm,igbt,0.81,0,0,0.0,1.0,0.0
ae_lstm,igbt,0.8200000000000001,0,0,0.0,1.0,0.0
ae_lstm,igbt,0.8300000000000001,0,0,0.0,1.0,0.0
ae_lstm,igbt,0.84,0,0,0.0,1.0,0.0
ae_lstm,igbt,0.85,0,0,0.0,1.0,0.0
ae_lstm,igbt,0.86,0,0,0.0,1.0,0.0
ae_lstm,igbt,0.87,0,0,0.0,1.0,0.0
ae_lstm,igbt,0.88,0,0,0.0,1.0,0.0
ae_lstm,igbt,0.89,0,0,0.0,1.0,0.0
ae_lstm,igbt,0.9,0,0,0.0,1.0,0.0
ae_lstm,igbt,0.91,0,0,0.0,1.0,0.0
ae_lstm,igbt,0.92,0,0,0.0,1.0,0.0
ae_lstm,igbt,0.93,0,0,0.0,1.0,0.0
ae_lstm,igbt,0.9400000000000001,0,0,0.0,1.0,0.0
ae_lstm,igbt,0.9500000000000001,0,0,0.0,1.0,0.0
ae_lstm,igbt,0.96,0,0,0.0,1.0,0.0
ae_lstm,igbt,0.97,0,0,0.0,1.0,0.0
ae_lstm,igbt,0.98,0,0,0.0,1.0,0.0
ae_lstm,igbt,0.99,0,0,0.0,1.0,0.0
ae_lstm,igbt,1.0,0,0,0.0,1.0,0.0
ae_denso,fusivel_ac,0.0,281,0,1.0,0.0,0.0
ae_denso,fusivel_ac,0.01,281,0,1.0,0.0,0.0
ae_denso,fusivel_ac,0.02,281,5,0.9822064056939501,0.017793594306049876,0.017793594306049824
ae_denso,fusivel_ac,0.03,276,0,0.9822064056939501,0.017793594306049876,0.0
ae_denso,fusivel_ac,0.04,276,0,0.9822064056939501,0.017793594306049876,0.0
ae_denso,fusivel_ac,0.05,276,0,0.9822064056939501,0.017793594306049876,0.0
ae_denso,fusivel_ac,0.06,276,0,0.9822064056939501,0.017793594306049876,0.0
ae_denso,fusivel_ac,0.07,276,0,0.9822064056939501,0.017793594306049876,0.0
ae_denso,fusivel_ac,0.08,276,0,0.9822064056939501,0.017793594306049876,0.0
ae_denso,fusivel_ac,0.09,276,0,0.9822064056939501,0.017793594306049876,0.0
ae_denso,fusivel_ac,0.1,276,0,0.9822064056939501,0.017793594306049876,0.0
ae_denso,fusivel_ac,0.11,276,0,0.9822064056939501,0.017793594306049876,0.0
ae_denso,fusivel_ac,0.12,276,0,0.9822064056939501,0.017793594306049876,0.0
ae_denso,fusivel_ac,0.13,276,0,0.9822064056939501,0.017793594306049876,0.0
ae_denso,fusivel_ac,0.14,276,0,0.9822064056939501,0.017793594306049876,0.0
ae_denso,fusivel_ac,0.15,276,0,0.9822064056939501,0.017793594306049876,0.0
ae_denso,fusivel_ac,0.16,276,0,0.9822064056939501,0.017793594306049876,0.0
ae_denso,fusivel_ac,0.17,276,0,0.9822064056939501,0.017793594306049876,0.0
ae_denso,fusivel_ac,0.18,276,1,0.9786476868327402,0.02135231316725983,0.0036231884057971015
ae_denso,fusivel_ac,0.19,275,0,0.9786476868327402,0.02135231316725983,0.0
ae_denso,fusivel_ac,0.2,275,0,0.9786476868327402,0.02135231316725983,0.0
ae_denso,fusivel_ac,0.21,275,1,0.9750889679715302,0.02491103202846978,0.0036363636363636364
ae_denso,fusivel_ac,0.22,274,0,0.9750889679715302,0.02491103202846978,0.0
ae_denso,fusivel_ac,0.23,274,0,0.9750889679715302,0.02491103202846978,0.0
ae_denso,fusivel_ac,0.24,274,0,0.9750889679715302,0.02491103202846978,0.0
ae_denso,fusivel_ac,0.25,274,1,0.9715302491103202,0.028469750889679846,0.0036496350364963502
ae_denso,fusivel_ac,0.26,273,0,0.9715302491103202,0.028469750889679846,0.0
ae_denso,fusivel_ac,0.27,273,0,0.9715302491103202,0.028469750889679846,0.0
ae_denso,fusivel_ac,0.28,273,0,0.9715302491103202,0.028469750889679846,0.0
ae_denso,fusivel_ac,0.29,273,1,0.9679715302491102,0.0320284697508898,0.003663003663003663
ae_denso,fusivel_ac,0.3,272,2,0.9608540925266903,0.039145907473309705,0.007352941176470588
ae_denso,fusivel_ac,0.31,270,1,0.9572953736654803,0.04270462633451966,0.003703703703703704
ae_denso,fusivel_ac,0.32,269,4,0.9430604982206404,0.05693950177935958,0.01486988847583643
ae_denso,fusivel_ac,0.33,265,3,0.9323843416370106,0.06761565836298944,0.011320754716981131
ae_denso,fusivel_ac,0.34,262,4,0.9181494661921706,0.08185053380782936,0.015267175572519083
ae_denso,fusivel_ac,0.35000000000000003,258,3,0.9074733096085408,0.09252669039145922,0.011627906976744186
ae_denso,fusivel_ac,0.36,255,7,0.882562277580071,0.117437722419929,0.027450980392156862
ae_denso,fusivel_ac,0.37,248,6,0.8612099644128113,0.13879003558718872,0.024193548387096774
ae_denso,fusivel_ac,0.38,242,13,0.8149466192170817,0.18505338078291833,0.05371900826446281
ae_denso,fusivel_ac,0.39,229,17,0.7544483985765122,0.24555160142348775,0.07423580786026202
ae_denso,fusivel_ac,0.4,212,12,0.7117437722419927,0.2882562277580073,0.05660377358490566
ae_denso,fusivel_ac,0.41000000000000003,200,14,0.6619217081850531,0.33807829181494686,0.07
ae_denso,fusivel_ac,0.42,186,7,0.6370106761565835,0.36298932384341653,0.03763440860215054
ae_denso,fusivel_ac,0.43,179,10,0.6014234875444838,0.3985765124555162,0.055865921787709494
ae_denso,fusivel_ac,0.44,169,9,0.5693950177935941,0.43060498220640586,0.05325443786982249
ae_denso,fusivel_ac,0.45,160,7,0.5444839857651245,0.45551601423487553,0.04375
ae_denso,fusivel_ac,0.46,153,7,0.5195729537366548,0.4804270462633452,0.0457516339869281
ae_denso,fusivel_ac,0.47000000000000003,146,0,0.5195729537366548,0.4804270462633452,0.0
ae_denso,fusivel_ac,0.48,146,5,0.5017793594306049,0.4982206405693951,0.03424657534246575
ae_denso,fusivel_ac,0.49,141,3,0.491103202846975,0.5088967971530249,0.02127659574468085
ae_denso,fusivel_ac,0.5,138,0,0.491103202846975,0.5088967971530249,0.0
ae_denso,fusivel_ac,0.51,138,0,0.491103202846975,0.5088967971530249,0.0
ae_denso,fusivel_ac,0.52,138,1,0.48754448398576505,0.512455516014235,0.007246376811594203
ae_denso,fusivel_ac,0.53,137,2,0.48042704626334515,0.5195729537366549,0.014598540145985401
ae_denso,fusivel_ac,0.54,135,5,0.4626334519572953,0.5373665480427047,0.037037037037037035
ae_denso,fusivel_ac,0.55,130,0,0.4626334519572953,0.5373665480427047,0.0
ae_denso,fusivel_ac,0.56,130,1,0.4590747330960854,0.5409252669039146,0.007692307692307693
ae_denso,fusivel_ac,0.5700000000000001,129,3,0.44839857651245546,0.5516014234875446,0.023255813953488372
ae_denso,fusivel_ac,0.58,126,6,0.42704626334519563,0.5729537366548043,0.047619047619047616
ae_denso,fusivel_ac,0.59,120,4,0.41281138790035576,0.5871886120996442,0.03333333333333333
ae_denso,fusivel_ac,0.6,116,10,0.3772241992882561,0.6227758007117439,0.08620689655172414
ae_denso,fusivel_ac,0.61,106,11,0.33807829181494653,0.6619217081850535,0.10377358490566038
ae_denso,fusivel_ac,0.62,95,11,0.29893238434163694,0.7010676156583631,0.11578947368421053
ae_denso,fusivel_ac,0.63,84,11,0.25978647686832734,0.7402135231316727,0.13095238095238096
ae_denso,fusivel_ac,0.64,73,4,0.24555160142348748,0.7544483985765125,0.0547945205479452
ae_denso,fusivel_ac,0.65,69,5,0.22775800711743766,0.7722419928825623,0.07246376811594203
ae_denso,fusivel_ac,0.66,64,8,0.19928825622775795,0.8007117437722421,0.125
ae_denso,fusivel_ac,0.67,56,6,0.17793594306049818,0.8220640569395018,0.10714285714285714
ae_denso,fusivel_ac,0.68,50,2,0.17081850533807824,0.8291814946619218,0.04
ae_denso,fusivel_ac,0.6900000000000001,48,6,0.14946619217081847,0.8505338078291815,0.125
ae_denso,fusivel_ac,0.7000000000000001,42,8,0.12099644128113876,0.8790035587188613,0.19047619047619047
ae_denso,fusivel_ac,0.71,34,3,0.11032028469750887,0.8896797153024911,0.08823529411764706
ae_denso,fusivel_ac,0.72,31,9,0.0782918149466192,0.9217081850533808,0.2903225806451613
ae_denso,fusivel_ac,0.73,22,7,0.05338078291814946,0.9466192170818506,0.3181818181818182
ae_denso,fusivel_ac,0.74,15,2,0.046263345195729534,0.9537366548042705,0.13333333333333333
ae_denso,fusivel_ac,0.75,13,2,0.03914590747330961,0.9608540925266904,0.15384615384615385
ae_denso,fusivel_ac,0.76,11,0,0.03914590747330961,0.9608540925266904,0.0
ae_denso,fusivel_ac,0.77,11,5,0.021352313167259784,0.9786476868327402,0.45454545454545453
ae_denso,fusivel_ac,0.78,6,2,0.014234875444839857,0.9857651245551602,0.3333333333333333
ae_denso,fusivel_ac,0.79,4,1,0.010676156583629894,0.9893238434163701,0.25
ae_denso,fusivel_ac,0.8,3,0,0.010676156583629894,0.9893238434163701,0.0
ae_denso,fusivel_ac,0.81,3,0,0.010676156583629894,0.9893238434163701,0.0
ae_denso,fusivel_ac,0.8200000000000001,3,0,0.010676156583629894,0.9893238434163701,0.0
ae_denso,fusivel_ac,0.8300000000000001,3,0,0.010676156583629894,0.9893238434163701,0.0
ae_denso,fusivel_ac,0.84,3,0,0.010676156583629894,0.9893238434163701,0.0
ae_denso,fusivel_ac,0.85,3,1,0.00711743772241993,0.9928825622775801,0.3333333333333333
ae_denso,fusivel_ac,0.86,2,0,0.00711743772241993,0.9928825622775801,0.0
ae_denso,fusivel_ac,0.87,2,1,0.003558718861209965,0.99644128113879,0.5
ae_denso,fusivel_ac,0.88,1,1,0.0,1.0,1.0
ae_denso,fusivel_ac,0.89,0,0,0.0,1.0,0.0
ae_denso,fusivel_ac,0.9,0,0,0.0,1.0,0.0
ae_denso,fusivel_ac,0.91,0,0,0.0,1.0,0.0
ae_denso,fusivel_ac,0.92,0,0,0.0,1.0,0.0
ae_denso,fusivel_ac,0.93,0,0,0.0,1.0,0.0
ae_denso,fusivel_ac,0.9400000000000001,0,0,0.0,1.0,0.0
ae_denso,fusivel_ac,0.9500000000000001,0,0,0.0,1.0,0.0
ae_denso,fusivel_ac,0.96,0,0,0.0,1.0,0.0
ae_denso,fusivel_ac,0.97,0,0,0.0,1.0,0.0
ae_denso,fusivel_ac,0.98,0,0,0.0,1.0,0.0
ae_denso,fusivel_ac,0.99,0,0,0.0,1.0,0.0
ae_denso,fusivel_ac,1.0,0,0,0.0,1.0,0.0
ae_lstm,fusivel_ac,0.0,281,0,1.0,0.0,0.0
ae_lstm,fusivel_ac,0.01,281,0,1.0,0.0,0.0
ae_lstm,fusivel_ac,0.02,281,8,0.9715302491103203,0.028469750889679735,0.028469750889679714
ae_lstm,fusivel_ac,0.03,273,0,0.9715302491103203,0.028469750889679735,0.0
ae_lstm,fusivel_ac,0.04,273,0,0.9715302491103203,0.028469750889679735,0.0
ae_lstm,fusivel_ac,0.05,273,0,0.9715302491103203,0.028469750889679735,0.0
ae_lstm,fusivel_ac,0.06,273,0,0.9715302491103203,0.028469750889679735,0.0
ae_lstm,fusivel_ac,0.07,273,0,0.9715302491103203,0.028469750889679735,0.0
ae_lstm,fusivel_ac,0.08,273,0,0.9715302491103203,0.028469750889679735,0.0
ae_lstm,fusivel_ac,0.09,273,0,0.9715302491103203,0.028469750889679735,0.0
ae_lstm,fusivel_ac,0.1,273,0,0.9715302491103203,0.028469750889679735,0.0
ae_lstm,fusivel_ac,0.11,273,0,0.9715302491103203,0.028469750889679735,0.0
ae_lstm,fusivel_ac,0.12,273,0,0.9715302491103203,0.028469750889679735,0.0
ae_lstm,fusivel_ac,0.13,273,0,0.9715302491103203,0.028469750889679735,0.0
ae_lstm,fusivel_ac,0.14,273,0,0.9715302491103203,0.028469750889679735,0.0
ae_lstm,fusivel_ac,0.15,273,0,0.9715302491103203,0.028469750889679735,0.0
ae_lstm,fusivel_ac,0.16,273,0,0.9715302491103203,0.028469750889679735,0.0
ae_lstm,fusivel_ac,0.17,273,0,0.9715302491103203,0.028469750889679735,0.0
ae_lstm,fusivel_ac,0.18,273,0,0.9715302491103203,0.028469750889679735,0.0
ae_lstm,fusivel_ac,0.19,273,0,0.9715302491103203,0.028469750889679735,0.0
ae_lstm,fusivel_ac,0.2,273,0,0.9715302491103203,0.028469750889679735,0.0
ae_lstm,fusivel_ac,0.21,273,0,0.9715302491103203,0.028469750889679735,0.0
ae_lstm,fusivel_ac,0.22,273,0,0.9715302491103203,0.028469750889679735,0.0
ae_lstm,fusivel_ac,0.23,273,0,0.9715302491103203,0.028469750889679735,0.0
ae_lstm,fusivel_ac,0.24,273,0,0.9715302491103203,0.028469750889679735,0.0
ae_lstm,fusivel_ac,0.25,273,0,0.9715302491103203,0.028469750889679735,0.0
ae_lstm,fusivel_ac,0.26,273,0,0.9715302491103203,0.028469750889679735,0.0
ae_lstm,fusivel_ac,0.27,273,0,0.9715302491103203,0.028469750889679735,0.0
ae_lstm,fusivel_ac,0.28,273,0,0.9715302491103203,0.028469750889679735,0.0
ae_lstm,fusivel_ac,0.29,273,1,0.9679715302491103,0.03202846975088969,0.003663003663003663
ae_lstm,fusivel_ac,0.3,272,0,0.9679715302491103,0.03202846975088969,0.0
ae_lstm,fusivel_ac,0.31,272,0,0.9679715302491103,0.03202846975088969,0.0
ae_lstm,fusivel_ac,0.32,272,0,0.9679715302491103,0.03202846975088969,0.0
ae_lstm,fusivel_ac,0.33,272,0,0.9679715302491103,0.03202846975088969,0.0
ae_lstm,fusivel_ac,0.34,272,0,0.9679715302491103,0.03202846975088969,0.0
ae_lstm,fusivel_ac,0.35000000000000003,272,0,0.9679715302491103,0.03202846975088969,0.0
ae_lstm,fusivel_ac,0.36,272,1,0.9644128113879004,0.03558718861209964,0.003676470588235294
ae_lstm,fusivel_ac,0.37,271,0,0.9644128113879004,0.03558718861209964,0.0
ae_lstm,fusivel_ac,0.38,271,0,0.9644128113879004,0.03558718861209964,0.0
ae_lstm,fusivel_ac,0.39,271,0,0.9644128113879004,0.03558718861209964,0.0
ae_lstm,fusivel_ac,0.4,271,0,0.9644128113879004,0.03558718861209964,0.0
ae_lstm,fusivel_ac,0.41000000000000003,271,0,0.9644128113879004,0.03558718861209964,0.0
ae_lstm,fusivel_ac,0.42,271,0,0.9644128113879004,0.03558718861209964,0.0
ae_lstm,fusivel_ac,0.43,271,0,0.9644128113879004,0.03558718861209964,0.0
ae_lstm,fusivel_ac,0.44,271,3,0.9537366548042705,0.0462633451957295,0.01107011070110701
ae_lstm,fusivel_ac,0.45,268,0,0.9537366548042705,0.0462633451957295,0.0
ae_lstm,fusivel_ac,0.46,268,1,0.9501779359430605,0.04982206405693945,0.0037313432835820895
ae_lstm,fusivel_ac,0.47000000000000003,267,2,0.9430604982206406,0.05693950177935936,0.00749063670411985
ae_lstm,fusivel_ac,0.48,265,0,0.9430604982206406,0.05693950177935936,0.0
ae_lstm,fusivel_ac,0.49,265,1,0.9395017793594307,0.06049822064056931,0.0037735849056603774
ae_lstm,fusivel_ac,0.5,264,0,0.9395017793594307,0.06049822064056931,0.0
ae_lstm,fusivel_ac,0.51,264,1,0.9359430604982207,0.06405693950177926,0.003787878787878788
ae_lstm,fusivel_ac,0.52,263,0,0.9359430604982207,0.06405693950177926,0.0
ae_lstm,fusivel_ac,0.53,263,2,0.9288256227758008,0.07117437722419917,0.0076045627376425855
ae_lstm,fusivel_ac,0.54,261,0,0.9288256227758008,0.07117437722419917,0.0
ae_lstm,fusivel_ac,0.55,261,3,0.918149466192171,0.08185053380782903,0.011494252873563218
ae_lstm,fusivel_ac,0.56,258,2,0.9110320284697511,0.08896797153024893,0.007751937984496124
ae_lstm,fusivel_ac,0.5700000000000001,256,2,0.9039145907473312,0.09608540925266884,0.0078125
ae_lstm,fusivel_ac,0.58,254,2,0.8967971530249113,0.10320284697508875,0.007874015748031496
ae_lstm,fusivel_ac,0.59,252,5,0.8790035587188614,0.12099644128113862,0.01984126984126984
ae_lstm,fusivel_ac,0.6,247,4,0.8647686832740215,0.13523131672597855,0.016194331983805668
ae_lstm,fusivel_ac,0.61,243,9,0.8327402135231318,0.16725978647686823,0.037037037037037035
ae_lstm,fusivel_ac,0.62,234,7,0.807829181494662,0.19217081850533801,0.029914529914529916
ae_lstm,fusivel_ac,0.63,227,9,0.7758007117437723,0.2241992882562277,0.039647577092511016
ae_lstm,fusivel_ac,0.64,218,9,0.7437722419928826,0.2562277580071174,0.04128440366972477
ae_lstm,fusivel_ac,0.65,209,11,0.704626334519573,0.295373665480427,0.05263157894736842
ae_lstm,fusivel_ac,0.66,198,12,0.6619217081850535,0.33807829181494653,0.06060606060606061
ae_lstm,fusivel_ac,0.67,186,7,0.6370106761565837,0.3629893238434163,0.03763440860215054
ae_lstm,fusivel_ac,0.68,179,6,0.615658362989324,0.38434163701067603,0.0335195530726257
ae_lstm,fusivel_ac,0.6900000000000001,173,11,0.5765124555160144,0.4234875444839856,0.06358381502890173
ae_lstm,fusivel_ac,0.7000000000000001,162,8,0.5480427046263346,0.45195729537366536,0.04938271604938271
ae_lstm,fusivel_ac,0.71,154,6,0.5266903914590748,0.4733096085409252,0.03896103896103896
ae_lstm,fusivel_ac,0.72,148,3,0.516014234875445,0.48398576512455505,0.02027027027027027
ae_lstm,fusivel_ac,0.73,145,1,0.512455516014235,0.487544483985765,0.006896551724137931
ae_lstm,fusivel_ac,0.74,144,1,0.508896797153025,0.49110320284697495,0.006944444444444444
ae_lstm,fusivel_ac,0.75,143,1,0.5053380782918151,0.4946619217081849,0.006993006993006993
ae_lstm,fusivel_ac,0.76,142,0,0.5053380782918151,0.4946619217081849,0.0
ae_lstm,fusivel_ac,0.77,142,0,0.5053380782918151,0.4946619217081849,0.0
ae_lstm,fusivel_ac,0.78,142,1,0.5017793594306051,0.49822064056939486,0.007042253521126761
ae_lstm,fusivel_ac,0.79,141,0,0.5017793594306051,0.49822064056939486,0.0
ae_lstm,fusivel_ac,0.8,141,0,0.5017793594306051,0.49822064056939486,0.0
ae_lstm,fusivel_ac,0.81,141,0,0.5017793594306051,0.49822064056939486,0.0
ae_lstm,fusivel_ac,0.8200000000000001,141,0,0.5017793594306051,0.49822064056939486,0.0
ae_lstm,fusivel_ac,0.8300000000000001,141,0,0.5017793594306051,0.49822064056939486,0.0
ae_lstm,fusivel_ac,0.84,141,0,0.5017793594306051,0.49822064056939486,0.0
ae_lstm,fusivel_ac,0.85,141,0,0.5017793594306051,0.49822064056939486,0.0
ae_lstm,fusivel_ac,0.86,141,0,0.5017793594306051,0.49822064056939486,0.0
ae_lstm,fusivel_ac,0.87,141,1,0.4982206405693952,0.5017793594306048,0.0070921985815602835
ae_lstm,fusivel_ac,0.88,140,0,0.4982206405693952,0.5017793594306048,0.0
ae_lstm,fusivel_ac,0.89,140,1,0.49466192170818524,0.5053380782918148,0.007142857142857143
ae_lstm,fusivel_ac,0.9,139,0,0.49466192170818524,0.5053380782918148,0.0
ae_lstm,fusivel_ac,0.91,139,3,0.4839857651245554,0.5160142348754446,0.02158273381294964
ae_lstm,fusivel_ac,0.92,136,5,0.46619217081850556,0.5338078291814945,0.03676470588235294
ae_lstm,fusivel_ac,0.93,131,6,0.4448398576512458,0.5551601423487542,0.04580152671755725
ae_lstm,fusivel_ac,0.9400000000000001,125,4,0.4306049822064059,0.569395017793594,0.032
ae_lstm,fusivel_ac,0.9500000000000001,121,7,0.40569395017793614,0.5943060498220638,0.05785123966942149
ae_lstm,fusivel_ac,0.96,114,7,0.3807829181494664,0.6192170818505336,0.06140350877192982
ae_lstm,fusivel_ac,0.97,107,7,0.35587188612099663,0.6441281138790034,0.06542056074766354
ae_lstm,fusivel_ac,0.98,100,6,0.3345195729537368,0.6654804270462632,0.06
ae_lstm,fusivel_ac,0.99,94,4,0.32028469750889693,0.6797153024911031,0.0425531914893617
ae_lstm,fusivel_ac,1.0,90,5,0.3024911032028471,0.6975088967971529,0.05555555555555555
