model,component,trajectory_id,experiment,a_det,event_observed
ae_denso,contator_ac,0,F0L,0.61,True
ae_denso,contator_ac,1,F0L,0.58,True
ae_denso,contator_ac,2,F0L,0.52,True
ae_denso,contator_ac,3,F0L,0.56,True
ae_denso,contator_ac,4,F0L,0.56,True
ae_denso,contator_ac,5,F0L,0.54,True
ae_denso,contator_ac,6,F0L,0.3,True
ae_denso,contator_ac,7,F0L,0.38,True
ae_denso,contator_ac,8,F0L,0.46,True
ae_denso,contator_ac,9,F0L,0.45,True
ae_denso,contator_ac,10,F0L,0.52,True
ae_denso,contator_ac,11,F0L,0.43,True
ae_denso,contator_ac,12,F0L,0.44,True
ae_denso,contator_ac,13,F0L,0.4,True
ae_denso,contator_ac,14,F0L,0.41000000000000003,True
ae_denso,contator_ac,15,F0L,0.46,True
ae_denso,contator_ac,16,F0L,0.46,True
ae_denso,contator_ac,17,F0L,0.46,True
ae_denso,contator_ac,18,F0L,0.41000000000000003,True
ae_denso,contator_ac,19,F0L,0.4,True
ae_denso,contator_ac,20,F0L,0.36,True
ae_denso,contator_ac,21,F0L,0.43,True
ae_denso,contator_ac,22,F0L,0.4,True
ae_denso,contator_ac,23,F0L,0.38,True
ae_denso,contator_ac,24,F0L,0.54,True
ae_denso,contator_ac,25,F0L,0.41000000000000003,True
ae_denso,contator_ac,26,F0L,0.37,True
ae_denso,contator_ac,27,F0L,0.43,True
ae_denso,contator_ac,28,F0L,0.37,True
ae_denso,contator_ac,29,F0L,0.46,True
ae_denso,contator_ac,30,F0L,0.44,True
ae_denso,contator_ac,31,F0L,0.38,True
ae_denso,contator_ac,32,F0L,0.33,True
ae_denso,contator_ac,33,F0L,0.32,True
ae_denso,contator_ac,34,F0L,0.41000000000000003,True
ae_denso,contator_ac,35,F0L,0.36,True
ae_denso,contator_ac,36,F0L,0.32,True
ae_denso,contator_ac,37,F0L,0.36,True
ae_denso,contator_ac,38,F0L,0.4,True
ae_denso,contator_ac,39,F0L,0.25,True
ae_denso,contator_ac,40,F0L,0.36,True
ae_denso,contator_ac,41,F0L,0.39,True
ae_denso,contator_ac,42,F0L,0.4,True
ae_denso,contator_ac,43,F0L,0.4,True
ae_denso,contator_ac,44,F0L,0.48,True
ae_denso,contator_ac,45,F0L,0.44,True
ae_denso,contator_ac,46,F0L,0.39,True
ae_denso,contator_ac,47,F0L,0.44,True
ae_denso,contator_ac,48,F0L,0.43,True
ae_denso,contator_ac,49,F0L,0.5,True
ae_denso,contator_ac,50,F0L,0.44,True
ae_denso,contator_ac,51,F0L,0.44,True
ae_denso,contator_ac,52,F0L,0.52,True
ae_denso,contator_ac,53,F0L,0.5,True
ae_denso,contator_ac,54,F0L,0.48,True
ae_denso,contator_ac,55,F0L,0.54,True
ae_denso,contator_ac,56,F0L,0.53,True
ae_denso,contator_ac,57,F0L,0.52,True
ae_denso,contator_ac,58,F0L,0.51,True
ae_denso,contator_ac,59,F0L,0.02,True
ae_denso,contator_ac,60,F0L,0.49,True
ae_denso,contator_ac,61,F0L,0.51,True
ae_denso,contator_ac,62,F0L,0.47000000000000003,True
ae_denso,contator_ac,63,F0L,0.54,True
ae_denso,contator_ac,64,F0L,0.49,True
ae_denso,contator_ac,65,F0L,0.43,True
ae_denso,contator_ac,66,F0L,0.58,True
ae_denso,contator_ac,67,F0L,0.5,True
ae_denso,contator_ac,68,F0L,0.45,True
ae_denso,contator_ac,69,F0L,0.45,True
ae_denso,contator_ac,70,F0L,0.46,True
ae_denso,contator_ac,71,F0L,0.45,True
ae_denso,contator_ac,72,F0L,0.41000000000000003,True
ae_denso,contator_ac,73,F0L,0.44,True
ae_denso,contator_ac,74,F0L,0.41000000000000003,True
ae_denso,contator_ac,75,F0L,0.44,True
ae_denso,contator_ac,76,F0L,0.42,True
ae_denso,contator_ac,77,F0L,0.4,True
ae_denso,contator_ac,78,F0L,0.38,True
ae_denso,contator_ac,79,F0L,0.4,True
ae_denso,contator_ac,80,F0L,0.36,True
ae_denso,contator_ac,81,F0L,0.45,True
ae_denso,contator_ac,82,F0L,0.48,True
ae_denso,contator_ac,83,F0L,0.43,True
ae_denso,contator_ac,84,F0L,0.4,True
ae_denso,contator_ac,85,F0L,0.36,True
ae_denso,contator_ac,86,F0L,0.33,True
ae_denso,contator_ac,87,F0L,0.34,True
ae_denso,contator_ac,88,F0L,0.29,True
ae_denso,contator_ac,89,F0L,0.35000000000000003,True
ae_denso,contator_ac,90,F0L,0.32,True
ae_denso,contator_ac,91,F0L,0.24,True
ae_denso,contator_ac,92,F0L,0.37,True
ae_denso,contator_ac,93,F0L,0.4,True
ae_denso,contator_ac,94,F0L,0.39,True
ae_denso,contator_ac,95,F0L,0.34,True
ae_denso,contator_ac,96,F0L,0.42,True
ae_denso,contator_ac,97,F0L,0.42,True
ae_denso,contator_ac,98,F0L,0.36,True
ae_denso,contator_ac,99,F0L,0.32,True
ae_denso,contator_ac,100,F0L,0.43,True
ae_denso,contator_ac,101,F0L,0.47000000000000003,True
ae_denso,contator_ac,102,F0L,0.44,True
ae_denso,contator_ac,103,F0L,0.46,True
ae_denso,contator_ac,104,F0L,0.51,True
ae_denso,contator_ac,105,F0L,0.53,True
ae_denso,contator_ac,106,F0L,0.53,True
ae_denso,contator_ac,107,F0L,0.47000000000000003,True
ae_denso,contator_ac,108,F0L,0.52,True
ae_denso,contator_ac,109,F0L,0.52,True
ae_denso,contator_ac,110,F0L,0.6,True
ae_denso,contator_ac,111,F0L,0.5,True
ae_denso,contator_ac,112,F0L,0.6,True
ae_denso,contator_ac,113,F0L,0.5,True
ae_denso,contator_ac,114,F0L,0.53,True
ae_denso,contator_ac,115,F0L,0.46,True
ae_denso,contator_ac,116,F0L,0.44,True
ae_denso,contator_ac,117,F0L,0.37,True
ae_denso,contator_ac,118,F0L,0.48,True
ae_denso,contator_ac,119,F0L,0.41000000000000003,True
ae_denso,contator_ac,120,F0L,0.37,True
ae_denso,contator_ac,121,F0L,0.52,True
ae_denso,contator_ac,122,F0L,0.45,True
ae_denso,contator_ac,123,F0L,0.49,True
ae_denso,contator_ac,124,F0L,0.47000000000000003,True
ae_denso,contator_ac,125,F0L,0.42,True
ae_denso,contator_ac,126,F0L,0.35000000000000003,True
ae_denso,contator_ac,127,F0L,0.42,True
ae_denso,contator_ac,128,F0L,0.49,True
ae_denso,contator_ac,129,F0L,0.37,True
ae_denso,contator_ac,130,F0L,0.4,True
ae_denso,contator_ac,131,F0L,0.4,True
ae_denso,contator_ac,132,F0L,0.34,True
ae_denso,contator_ac,133,F0L,0.35000000000000003,True
ae_denso,contator_ac,134,F0L,0.41000000000000003,True
ae_denso,contator_ac,135,F0L,0.37,True
ae_denso,contator_ac,136,F0L,0.42,True
ae_denso,contator_ac,137,F0L,0.39,True
ae_denso,contator_ac,138,F0L,0.37,True
ae_denso,contator_ac,139,F0L,0.41000000000000003,True
ae_denso,contator_ac,140,F0L,0.4,True
ae_denso,contator_ac,141,F0L,0.35000000000000003,True
ae_denso,contator_ac,142,F0M,0.02,True
ae_denso,contator_ac,143,F0M,0.02,True
ae_denso,contator_ac,144,F0M,0.37,True
ae_denso,contator_ac,145,F0M,0.35000000000000003,True
ae_denso,contator_ac,146,F0M,0.37,True
ae_denso,contator_ac,147,F0M,0.31,True
ae_denso,contator_ac,148,F0M,0.35000000000000003,True
ae_denso,contator_ac,149,F0M,0.27,True
ae_denso,contator_ac,150,F0M,0.33,True
ae_denso,contator_ac,151,F0M,0.34,True
ae_denso,contator_ac,152,F0M,0.37,True
ae_denso,contator_ac,153,F0M,0.22,True
ae_denso,contator_ac,154,F0M,0.28,True
ae_denso,contator_ac,155,F0M,0.38,True
ae_denso,contator_ac,156,F0M,0.34,True
ae_denso,contator_ac,157,F0M,0.29,True
ae_denso,contator_ac,158,F0M,0.36,True
ae_denso,contator_ac,159,F0M,0.24,True
ae_denso,contator_ac,160,F0M,0.32,True
ae_denso,contator_ac,161,F0M,0.36,True
ae_denso,contator_ac,162,F0M,0.36,True
ae_denso,contator_ac,163,F0M,0.35000000000000003,True
ae_denso,contator_ac,164,F0M,0.23,True
ae_denso,contator_ac,165,F0M,0.22,True
ae_denso,contator_ac,166,F0M,0.25,True
ae_denso,contator_ac,167,F0M,0.25,True
ae_denso,contator_ac,168,F0M,0.29,True
ae_denso,contator_ac,169,F0M,0.29,True
ae_denso,contator_ac,170,F0M,0.27,True
ae_denso,contator_ac,171,F0M,0.21,True
ae_denso,contator_ac,172,F0M,0.29,True
ae_denso,contator_ac,173,F0M,0.31,True
ae_denso,contator_ac,174,F0M,0.29,True
ae_denso,contator_ac,175,F0M,0.23,True
ae_denso,contator_ac,176,F0M,0.28,True
ae_denso,contator_ac,177,F0M,0.36,True
ae_denso,contator_ac,178,F0M,0.34,True
ae_denso,contator_ac,179,F0M,0.23,True
ae_denso,contator_ac,180,F0M,0.26,True
ae_denso,contator_ac,181,F0M,0.23,True
ae_denso,contator_ac,182,F0M,0.23,True
ae_denso,contator_ac,183,F0M,0.23,True
ae_denso,contator_ac,184,F0M,0.29,True
ae_denso,contator_ac,185,F0M,0.24,True
ae_denso,contator_ac,186,F0M,0.33,True
ae_denso,contator_ac,187,F0M,0.23,True
ae_denso,contator_ac,188,F0M,0.23,True
ae_denso,contator_ac,189,F0M,0.31,True
ae_denso,contator_ac,190,F0M,0.33,True
ae_denso,contator_ac,191,F0M,0.2,True
ae_denso,contator_ac,192,F0M,0.26,True
ae_denso,contator_ac,193,F0M,0.32,True
ae_denso,contator_ac,194,F0M,0.38,True
ae_denso,contator_ac,195,F0M,0.02,True
ae_denso,contator_ac,196,F0M,0.27,True
ae_denso,contator_ac,197,F0M,0.31,True
ae_denso,contator_ac,198,F0M,0.46,True
ae_denso,contator_ac,199,F0M,0.3,True
ae_denso,contator_ac,200,F0M,0.33,True
ae_denso,contator_ac,201,F0M,0.35000000000000003,True
ae_denso,contator_ac,202,F0M,0.32,True
ae_denso,contator_ac,203,F0M,0.34,True
ae_denso,contator_ac,204,F0M,0.27,True
ae_denso,contator_ac,205,F0M,0.28,True
ae_denso,contator_ac,206,F0M,0.27,True
ae_denso,contator_ac,207,F0M,0.49,True
ae_denso,contator_ac,208,F0M,0.23,True
ae_denso,contator_ac,209,F0M,0.33,True
ae_denso,contator_ac,210,F0M,0.35000000000000003,True
ae_denso,contator_ac,211,F0M,0.33,True
ae_denso,contator_ac,212,F0M,0.25,True
ae_denso,contator_ac,213,F0M,0.36,True
ae_denso,contator_ac,214,F0M,0.27,True
ae_denso,contator_ac,215,F0M,0.26,True
ae_denso,contator_ac,216,F0M,0.28,True
ae_denso,contator_ac,217,F0M,0.25,True
ae_denso,contator_ac,218,F0M,0.29,True
ae_denso,contator_ac,219,F0M,0.24,True
ae_denso,contator_ac,220,F0M,0.3,True
ae_denso,contator_ac,221,F0M,0.27,True
ae_denso,contator_ac,222,F0M,0.28,True
ae_denso,contator_ac,223,F0M,0.28,True
ae_denso,contator_ac,224,F0M,0.33,True
ae_denso,contator_ac,225,F0M,0.28,True
ae_denso,contator_ac,226,F0M,0.24,True
ae_denso,contator_ac,227,F0M,0.29,True
ae_denso,contator_ac,228,F0M,0.25,True
ae_denso,contator_ac,229,F0M,0.24,True
ae_denso,contator_ac,230,F0M,0.32,True
ae_denso,contator_ac,231,F0M,0.28,True
ae_denso,contator_ac,232,F0M,0.29,True
ae_denso,contator_ac,233,F0M,0.25,True
ae_denso,contator_ac,234,F0M,0.27,True
ae_denso,contator_ac,235,F0M,0.24,True
ae_denso,contator_ac,236,F0M,0.21,True
ae_denso,contator_ac,237,F0M,0.29,True
ae_denso,contator_ac,238,F0M,0.25,True
ae_denso,contator_ac,239,F0M,0.18,True
ae_denso,contator_ac,240,F0M,0.24,True
ae_denso,contator_ac,241,F0M,0.26,True
ae_denso,contator_ac,242,F0M,0.26,True
ae_denso,contator_ac,243,F0M,0.25,True
ae_denso,contator_ac,244,F0M,0.33,True
ae_denso,contator_ac,245,F0M,0.25,True
ae_denso,contator_ac,246,F0M,0.25,True
ae_denso,contator_ac,247,F0M,0.23,True
ae_denso,contator_ac,248,F0M,0.21,True
ae_denso,contator_ac,249,F0M,0.02,True
ae_denso,contator_ac,250,F0M,0.29,True
ae_denso,contator_ac,251,F0M,0.42,True
ae_denso,contator_ac,252,F0M,0.32,True
ae_denso,contator_ac,253,F0M,0.28,True
ae_denso,contator_ac,254,F0M,0.3,True
ae_denso,contator_ac,255,F0M,0.37,True
ae_denso,contator_ac,256,F0M,0.37,True
ae_denso,contator_ac,257,F0M,0.31,True
ae_denso,contator_ac,258,F0M,0.33,True
ae_denso,contator_ac,259,F0M,0.37,True
ae_denso,contator_ac,260,F0M,0.28,True
ae_denso,contator_ac,261,F0M,0.35000000000000003,True
ae_denso,contator_ac,262,F0M,0.33,True
ae_denso,contator_ac,263,F0M,0.31,True
ae_denso,contator_ac,264,F0M,0.37,True
ae_denso,contator_ac,265,F0M,0.32,True
ae_denso,contator_ac,266,F0M,0.27,True
ae_denso,contator_ac,267,F0M,0.33,True
ae_denso,contator_ac,268,F0M,0.3,True
ae_denso,contator_ac,269,F0M,0.28,True
ae_denso,contator_ac,270,F0M,0.27,True
ae_denso,contator_ac,271,F0M,0.26,True
ae_denso,contator_ac,272,F0M,0.25,True
ae_denso,contator_ac,273,F0M,0.22,True
ae_denso,contator_ac,274,F0M,0.28,True
ae_denso,contator_ac,275,F0M,0.24,True
ae_denso,contator_ac,276,F0M,0.22,True
ae_denso,contator_ac,277,F0M,0.15,True
ae_denso,contator_ac,278,F0M,0.28,True
ae_denso,contator_ac,279,F0M,0.31,True
ae_denso,contator_ac,280,F0M,0.22,True
ae_lstm,contator_ac,0,F0L,0.77,True
ae_lstm,contator_ac,1,F0L,0.72,True
ae_lstm,contator_ac,2,F0L,0.73,True
ae_lstm,contator_ac,3,F0L,0.77,True
ae_lstm,contator_ac,4,F0L,0.77,True
ae_lstm,contator_ac,5,F0L,0.75,True
ae_lstm,contator_ac,6,F0L,0.58,True
ae_lstm,contator_ac,7,F0L,0.66,True
ae_lstm,contator_ac,8,F0L,0.77,True
ae_lstm,contator_ac,9,F0L,0.76,True
ae_lstm,contator_ac,10,F0L,0.8,True
ae_lstm,contator_ac,11,F0L,0.64,True
ae_lstm,contator_ac,12,F0L,0.67,True
ae_lstm,contator_ac,13,F0L,0.66,True
ae_lstm,contator_ac,14,F0L,0.65,True
ae_lstm,contator_ac,15,F0L,0.71,True
ae_lstm,contator_ac,16,F0L,0.7000000000000001,True
ae_lstm,contator_ac,17,F0L,0.7000000000000001,True
ae_lstm,contator_ac,18,F0L,0.63,True
ae_lstm,contator_ac,19,F0L,0.66,True
ae_lstm,contator_ac,20,F0L,0.66,True
ae_lstm,contator_ac,21,F0L,0.65,True
ae_lstm,contator_ac,22,F0L,0.59,True
ae_lstm,contator_ac,23,F0L,0.58,True
ae_lstm,contator_ac,24,F0L,0.79,True
ae_lstm,contator_ac,25,F0L,0.67,True
ae_lstm,contator_ac,26,F0L,0.61,True
ae_lstm,contator_ac,27,F0L,0.66,True
ae_lstm,contator_ac,28,F0L,0.6,True
ae_lstm,contator_ac,29,F0L,0.6900000000000001,True
ae_lstm,contator_ac,30,F0L,0.64,True
ae_lstm,contator_ac,31,F0L,0.62,True
ae_lstm,contator_ac,32,F0L,0.61,True
ae_lstm,contator_ac,33,F0L,0.56,True
ae_lstm,contator_ac,34,F0L,0.62,True
ae_lstm,contator_ac,35,F0L,0.52,True
ae_lstm,contator_ac,36,F0L,0.52,True
ae_lstm,contator_ac,37,F0L,0.6,True
ae_lstm,contator_ac,38,F0L,0.67,True
ae_lstm,contator_ac,39,F0L,0.58,True
ae_lstm,contator_ac,40,F0L,0.65,True
ae_lstm,contator_ac,41,F0L,0.65,True
ae_lstm,contator_ac,42,F0L,0.7000000000000001,True
ae_lstm,contator_ac,43,F0L,0.68,True
ae_lstm,contator_ac,44,F0L,0.68,True
ae_lstm,contator_ac,45,F0L,0.67,True
ae_lstm,contator_ac,46,F0L,0.59,True
ae_lstm,contator_ac,47,F0L,0.62,True
ae_lstm,contator_ac,48,F0L,0.61,True
ae_lstm,contator_ac,49,F0L,0.68,True
ae_lstm,contator_ac,50,F0L,0.5700000000000001,True
ae_lstm,contator_ac,51,F0L,0.58,True
ae_lstm,contator_ac,52,F0L,0.6,True
ae_lstm,contator_ac,53,F0L,0.61,True
ae_lstm,contator_ac,54,F0L,0.59,True
ae_lstm,contator_ac,55,F0L,0.71,True
ae_lstm,contator_ac,56,F0L,0.75,True
ae_lstm,contator_ac,57,F0L,0.76,True
ae_lstm,contator_ac,58,F0L,0.76,True
ae_lstm,contator_ac,59,F0L,0.62,True
ae_lstm,contator_ac,60,F0L,0.78,True
ae_lstm,contator_ac,61,F0L,0.8200000000000001,True
ae_lstm,contator_ac,62,F0L,0.76,True
ae_lstm,contator_ac,63,F0L,0.8200000000000001,True
ae_lstm,contator_ac,64,F0L,0.73,True
ae_lstm,contator_ac,65,F0L,0.72,True
ae_lstm,contator_ac,66,F0L,0.8200000000000001,True
ae_lstm,contator_ac,67,F0L,0.78,True
ae_lstm,contator_ac,68,F0L,0.76,True
ae_lstm,contator_ac,69,F0L,0.66,True
ae_lstm,contator_ac,70,F0L,0.72,True
ae_lstm,contator_ac,71,F0L,0.63,True
ae_lstm,contator_ac,72,F0L,0.6900000000000001,True
ae_lstm,contator_ac,73,F0L,0.73,True
ae_lstm,contator_ac,74,F0L,0.59,True
ae_lstm,contator_ac,75,F0L,0.66,True
ae_lstm,contator_ac,76,F0L,0.64,True
ae_lstm,contator_ac,77,F0L,0.63,True
ae_lstm,contator_ac,78,F0L,0.59,True
ae_lstm,contator_ac,79,F0L,0.62,True
ae_lstm,contator_ac,80,F0L,0.61,True
ae_lstm,contator_ac,81,F0L,0.6900000000000001,True
ae_lstm,contator_ac,82,F0L,0.73,True
ae_lstm,contator_ac,83,F0L,0.67,True
ae_lstm,contator_ac,84,F0L,0.66,True
ae_lstm,contator_ac,85,F0L,0.62,True
ae_lstm,contator_ac,86,F0L,0.6,True
ae_lstm,contator_ac,87,F0L,0.59,True
ae_lstm,contator_ac,88,F0L,0.45,True
ae_lstm,contator_ac,89,F0L,0.58,True
ae_lstm,contator_ac,90,F0L,0.56,True
ae_lstm,contator_ac,91,F0L,0.54,True
ae_lstm,contator_ac,92,F0L,0.7000000000000001,True
ae_lstm,contator_ac,93,F0L,0.74,True
ae_lstm,contator_ac,94,F0L,0.7000000000000001,True
ae_lstm,contator_ac,95,F0L,0.63,True
ae_lstm,contator_ac,96,F0L,0.68,True
ae_lstm,contator_ac,97,F0L,0.62,True
ae_lstm,contator_ac,98,F0L,0.55,True
ae_lstm,contator_ac,99,F0L,0.49,True
ae_lstm,contator_ac,100,F0L,0.66,True
ae_lstm,contator_ac,101,F0L,0.58,True
ae_lstm,contator_ac,102,F0L,0.58,True
ae_lstm,contator_ac,103,F0L,0.61,True
ae_lstm,contator_ac,104,F0L,0.65,True
ae_lstm,contator_ac,105,F0L,0.61,True
ae_lstm,contator_ac,106,F0L,0.65,True
ae_lstm,contator_ac,107,F0L,0.58,True
ae_lstm,contator_ac,108,F0L,0.67,True
ae_lstm,contator_ac,109,F0L,0.76,True
ae_lstm,contator_ac,110,F0L,0.8300000000000001,True
ae_lstm,contator_ac,111,F0L,0.74,True
ae_lstm,contator_ac,112,F0L,0.8300000000000001,True
ae_lstm,contator_ac,113,F0L,0.8,True
ae_lstm,contator_ac,114,F0L,0.86,True
ae_lstm,contator_ac,115,F0L,0.74,True
ae_lstm,contator_ac,116,F0L,0.74,True
ae_lstm,contator_ac,117,F0L,0.67,True
ae_lstm,contator_ac,118,F0L,0.7000000000000001,True
ae_lstm,contator_ac,119,F0L,0.66,True
ae_lstm,contator_ac,120,F0L,0.65,True
ae_lstm,contator_ac,121,F0L,0.77,True
ae_lstm,contator_ac,122,F0L,0.73,True
ae_lstm,contator_ac,123,F0L,0.74,True
ae_lstm,contator_ac,124,F0L,0.73,True
ae_lstm,contator_ac,125,F0L,0.65,True
ae_lstm,contator_ac,126,F0L,0.65,True
ae_lstm,contator_ac,127,F0L,0.63,True
ae_lstm,contator_ac,128,F0L,0.75,True
ae_lstm,contator_ac,129,F0L,0.58,True
ae_lstm,contator_ac,130,F0L,0.61,True
ae_lstm,contator_ac,131,F0L,0.62,True
ae_lstm,contator_ac,132,F0L,0.55,True
ae_lstm,contator_ac,133,F0L,0.56,True
ae_lstm,contator_ac,134,F0L,0.64,True
ae_lstm,contator_ac,135,F0L,0.56,True
ae_lstm,contator_ac,136,F0L,0.68,True
ae_lstm,contator_ac,137,F0L,0.62,True
ae_lstm,contator_ac,138,F0L,0.65,True
ae_lstm,contator_ac,139,F0L,0.72,True
ae_lstm,contator_ac,140,F0L,0.68,True
ae_lstm,contator_ac,141,F0L,0.54,True
ae_lstm,contator_ac,142,F0M,0.02,True
ae_lstm,contator_ac,143,F0M,0.02,True
ae_lstm,contator_ac,144,F0M,0.42,True
ae_lstm,contator_ac,145,F0M,0.35000000000000003,True
ae_lstm,contator_ac,146,F0M,0.39,True
ae_lstm,contator_ac,147,F0M,0.39,True
ae_lstm,contator_ac,148,F0M,0.35000000000000003,True
ae_lstm,contator_ac,149,F0M,0.31,True
ae_lstm,contator_ac,150,F0M,0.4,True
ae_lstm,contator_ac,151,F0M,0.42,True
ae_lstm,contator_ac,152,F0M,0.44,True
ae_lstm,contator_ac,153,F0M,0.25,True
ae_lstm,contator_ac,154,F0M,0.35000000000000003,True
ae_lstm,contator_ac,155,F0M,0.46,True
ae_lstm,contator_ac,156,F0M,0.42,True
ae_lstm,contator_ac,157,F0M,0.37,True
ae_lstm,contator_ac,158,F0M,0.45,True
ae_lstm,contator_ac,159,F0M,0.02,True
ae_lstm,contator_ac,160,F0M,0.44,True
ae_lstm,contator_ac,161,F0M,0.45,True
ae_lstm,contator_ac,162,F0M,0.43,True
ae_lstm,contator_ac,163,F0M,0.46,True
ae_lstm,contator_ac,164,F0M,0.35000000000000003,True
ae_lstm,contator_ac,165,F0M,0.35000000000000003,True
ae_lstm,contator_ac,166,F0M,0.37,True
ae_lstm,contator_ac,167,F0M,0.36,True
ae_lstm,contator_ac,168,F0M,0.41000000000000003,True
ae_lstm,contator_ac,169,F0M,0.39,True
ae_lstm,contator_ac,170,F0M,0.36,True
ae_lstm,contator_ac,171,F0M,0.36,True
ae_lstm,contator_ac,172,F0M,0.44,True
ae_lstm,contator_ac,173,F0M,0.43,True
ae_lstm,contator_ac,174,F0M,0.44,True
ae_lstm,contator_ac,175,F0M,0.37,True
ae_lstm,contator_ac,176,F0M,0.42,True
ae_lstm,contator_ac,177,F0M,0.5,True
ae_lstm,contator_ac,178,F0M,0.47000000000000003,True
ae_lstm,contator_ac,179,F0M,0.36,True
ae_lstm,contator_ac,180,F0M,0.4,True
ae_lstm,contator_ac,181,F0M,0.32,True
ae_lstm,contator_ac,182,F0M,0.37,True
ae_lstm,contator_ac,183,F0M,0.36,True
ae_lstm,contator_ac,184,F0M,0.42,True
ae_lstm,contator_ac,185,F0M,0.37,True
ae_lstm,contator_ac,186,F0M,0.47000000000000003,True
ae_lstm,contator_ac,187,F0M,0.02,True
ae_lstm,contator_ac,188,F0M,0.34,True
ae_lstm,contator_ac,189,F0M,0.46,True
ae_lstm,contator_ac,190,F0M,0.44,True
ae_lstm,contator_ac,191,F0M,0.37,True
ae_lstm,contator_ac,192,F0M,0.43,True
ae_lstm,contator_ac,193,F0M,0.51,True
ae_lstm,contator_ac,194,F0M,0.46,True
ae_lstm,contator_ac,195,F0M,0.02,True
ae_lstm,contator_ac,196,F0M,0.47000000000000003,True
ae_lstm,contator_ac,197,F0M,0.34,True
ae_lstm,contator_ac,198,F0M,0.47000000000000003,True
ae_lstm,contator_ac,199,F0M,0.24,True
ae_lstm,contator_ac,200,F0M,0.34,True
ae_lstm,contator_ac,201,F0M,0.37,True
ae_lstm,contator_ac,202,F0M,0.38,True
ae_lstm,contator_ac,203,F0M,0.4,True
ae_lstm,contator_ac,204,F0M,0.32,True
ae_lstm,contator_ac,205,F0M,0.32,True
ae_lstm,contator_ac,206,F0M,0.31,True
ae_lstm,contator_ac,207,F0M,0.51,True
ae_lstm,contator_ac,208,F0M,0.28,True
ae_lstm,contator_ac,209,F0M,0.36,True
ae_lstm,contator_ac,210,F0M,0.41000000000000003,True
ae_lstm,contator_ac,211,F0M,0.41000000000000003,True
ae_lstm,contator_ac,212,F0M,0.34,True
ae_lstm,contator_ac,213,F0M,0.45,True
ae_lstm,contator_ac,214,F0M,0.38,True
ae_lstm,contator_ac,215,F0M,0.33,True
ae_lstm,contator_ac,216,F0M,0.39,True
ae_lstm,contator_ac,217,F0M,0.36,True
ae_lstm,contator_ac,218,F0M,0.41000000000000003,True
ae_lstm,contator_ac,219,F0M,0.41000000000000003,True
ae_lstm,contator_ac,220,F0M,0.42,True
ae_lstm,contator_ac,221,F0M,0.38,True
ae_lstm,contator_ac,222,F0M,0.4,True
ae_lstm,contator_ac,223,F0M,0.39,True
ae_lstm,contator_ac,224,F0M,0.51,True
ae_lstm,contator_ac,225,F0M,0.43,True
ae_lstm,contator_ac,226,F0M,0.02,True
ae_lstm,contator_ac,227,F0M,0.43,True
ae_lstm,contator_ac,228,F0M,0.37,True
ae_lstm,contator_ac,229,F0M,0.3,True
ae_lstm,contator_ac,230,F0M,0.44,True
ae_lstm,contator_ac,231,F0M,0.4,True
ae_lstm,contator_ac,232,F0M,0.41000000000000003,True
ae_lstm,contator_ac,233,F0M,0.38,True
ae_lstm,contator_ac,234,F0M,0.38,True
ae_lstm,contator_ac,235,F0M,0.37,True
ae_lstm,contator_ac,236,F0M,0.25,True
ae_lstm,contator_ac,237,F0M,0.44,True
ae_lstm,contator_ac,238,F0M,0.29,True
ae_lstm,contator_ac,239,F0M,0.34,True
ae_lstm,contator_ac,240,F0M,0.29,True
ae_lstm,contator_ac,241,F0M,0.35000000000000003,True
ae_lstm,contator_ac,242,F0M,0.42,True
ae_lstm,contator_ac,243,F0M,0.24,True
ae_lstm,contator_ac,244,F0M,0.53,True
ae_lstm,contator_ac,245,F0M,0.33,True
ae_lstm,contator_ac,246,F0M,0.41000000000000003,True
ae_lstm,contator_ac,247,F0M,0.37,True
ae_lstm,contator_ac,248,F0M,0.19,True
ae_lstm,contator_ac,249,F0M,0.02,True
ae_lstm,contator_ac,250,F0M,0.42,True
ae_lstm,contator_ac,251,F0M,0.44,True
ae_lstm,contator_ac,252,F0M,0.02,True
ae_lstm,contator_ac,253,F0M,0.27,True
ae_lstm,contator_ac,254,F0M,0.36,True
ae_lstm,contator_ac,255,F0M,0.41000000000000003,True
ae_lstm,contator_ac,256,F0M,0.39,True
ae_lstm,contator_ac,257,F0M,0.34,True
ae_lstm,contator_ac,258,F0M,0.38,True
ae_lstm,contator_ac,259,F0M,0.48,True
ae_lstm,contator_ac,260,F0M,0.36,True
ae_lstm,contator_ac,261,F0M,0.43,True
ae_lstm,contator_ac,262,F0M,0.41000000000000003,True
ae_lstm,contator_ac,263,F0M,0.39,True
ae_lstm,contator_ac,264,F0M,0.46,True
ae_lstm,contator_ac,265,F0M,0.4,True
ae_lstm,contator_ac,266,F0M,0.38,True
ae_lstm,contator_ac,267,F0M,0.44,True
ae_lstm,contator_ac,268,F0M,0.41000000000000003,True
ae_lstm,contator_ac,269,F0M,0.35000000000000003,True
ae_lstm,contator_ac,270,F0M,0.33,True
ae_lstm,contator_ac,271,F0M,0.37,True
ae_lstm,contator_ac,272,F0M,0.38,True
ae_lstm,contator_ac,273,F0M,0.25,True
ae_lstm,contator_ac,274,F0M,0.41000000000000003,True
ae_lstm,contator_ac,275,F0M,0.35000000000000003,True
ae_lstm,contator_ac,276,F0M,0.36,True
ae_lstm,contator_ac,277,F0M,0.27,True
ae_lstm,contator_ac,278,F0M,0.41000000000000003,True
ae_lstm,contator_ac,279,F0M,0.42,True
ae_lstm,contator_ac,280,F0M,0.35000000000000003,True
ae_denso,igbt,0,F0L,0.37,True
ae_denso,igbt,1,F0L,0.4,True
ae_denso,igbt,2,F0L,0.42,True
ae_denso,igbt,3,F0L,0.4,True
ae_denso,igbt,4,F0L,0.42,True
ae_denso,igbt,5,F0L,0.44,True
ae_denso,igbt,6,F0L,0.22,True
ae_denso,igbt,7,F0L,0.43,True
ae_denso,igbt,8,F0L,0.46,True
ae_denso,igbt,9,F0L,0.41000000000000003,True
ae_denso,igbt,10,F0L,0.45,True
ae_denso,igbt,11,F0L,0.43,True
ae_denso,igbt,12,F0L,0.44,True
ae_denso,igbt,13,F0L,0.43,True
ae_denso,igbt,14,F0L,0.41000000000000003,True
ae_denso,igbt,15,F0L,0.4,True
ae_denso,igbt,16,F0L,0.41000000000000003,True
ae_denso,igbt,17,F0L,0.42,True
ae_denso,igbt,18,F0L,0.37,True
ae_denso,igbt,19,F0L,0.37,True
ae_denso,igbt,20,F0L,0.33,True
ae_denso,igbt,21,F0L,0.33,True
ae_denso,igbt,22,F0L,0.32,True
ae_denso,igbt,23,F0L,0.33,True
ae_denso,igbt,24,F0L,0.32,True
ae_denso,igbt,25,F0L,0.3,True
ae_denso,igbt,26,F0L,0.3,True
ae_denso,igbt,27,F0L,0.32,True
ae_denso,igbt,28,F0L,0.31,True
ae_denso,igbt,29,F0L,0.31,True
ae_denso,igbt,30,F0L,0.26,True
ae_denso,igbt,31,F0L,0.23,True
ae_denso,igbt,32,F0L,0.21,True
ae_denso,igbt,33,F0L,0.19,True
ae_denso,igbt,34,F0L,0.21,True
ae_denso,igbt,35,F0L,0.21,True
ae_denso,igbt,36,F0L,0.2,True
ae_denso,igbt,37,F0L,0.19,True
ae_denso,igbt,38,F0L,0.22,True
ae_denso,igbt,39,F0L,0.21,True
ae_denso,igbt,40,F0L,0.28,True
ae_denso,igbt,41,F0L,0.28,True
ae_denso,igbt,42,F0L,0.27,True
ae_denso,igbt,43,F0L,0.31,True
ae_denso,igbt,44,F0L,0.3,True
ae_denso,igbt,45,F0L,0.29,True
ae_denso,igbt,46,F0L,0.28,True
ae_denso,igbt,47,F0L,0.31,True
ae_denso,igbt,48,F0L,0.31,True
ae_denso,igbt,49,F0L,0.39,True
ae_denso,igbt,50,F0L,0.37,True
ae_denso,igbt,51,F0L,0.34,True
ae_denso,igbt,52,F0L,0.39,True
ae_denso,igbt,53,F0L,0.41000000000000003,True
ae_denso,igbt,54,F0L,0.39,True
ae_denso,igbt,55,F0L,0.42,True
ae_denso,igbt,56,F0L,0.43,True
ae_denso,igbt,57,F0L,0.43,True
ae_denso,igbt,58,F0L,0.43,True
ae_denso,igbt,59,F0L,0.02,True
ae_denso,igbt,60,F0L,0.4,True
ae_denso,igbt,61,F0L,0.46,True
ae_denso,igbt,62,F0L,0.45,True
ae_denso,igbt,63,F0L,0.47000000000000003,True
ae_denso,igbt,64,F0L,0.46,True
ae_denso,igbt,65,F0L,0.4,True
ae_denso,igbt,66,F0L,0.43,True
ae_denso,igbt,67,F0L,0.4,True
ae_denso,igbt,68,F0L,0.41000000000000003,True
ae_denso,igbt,69,F0L,0.41000000000000003,True
ae_denso,igbt,70,F0L,0.41000000000000003,True
ae_denso,igbt,71,F0L,0.38,True
ae_denso,igbt,72,F0L,0.39,True
ae_denso,igbt,73,F0L,0.34,True
ae_denso,igbt,74,F0L,0.33,True
ae_denso,igbt,75,F0L,0.33,True
ae_denso,igbt,76,F0L,0.33,True
ae_denso,igbt,77,F0L,0.31,True
ae_denso,igbt,78,F0L,0.3,True
ae_denso,igbt,79,F0L,0.3,True
ae_denso,igbt,80,F0L,0.28,True
ae_denso,igbt,81,F0L,0.31,True
ae_denso,igbt,82,F0L,0.33,True
ae_denso,igbt,83,F0L,0.31,True
ae_denso,igbt,84,F0L,0.22,True
ae_denso,igbt,85,F0L,0.22,True
ae_denso,igbt,86,F0L,0.21,True
ae_denso,igbt,87,F0L,0.19,True
ae_denso,igbt,88,F0L,0.2,True
ae_denso,igbt,89,F0L,0.19,True
ae_denso,igbt,90,F0L,0.2,True
ae_denso,igbt,91,F0L,0.16,True
ae_denso,igbt,92,F0L,0.26,True
ae_denso,igbt,93,F0L,0.27,True
ae_denso,igbt,94,F0L,0.27,True
ae_denso,igbt,95,F0L,0.29,True
ae_denso,igbt,96,F0L,0.29,True
ae_denso,igbt,97,F0L,0.33,True
ae_denso,igbt,98,F0L,0.32,True
ae_denso,igbt,99,F0L,0.22,True
ae_denso,igbt,100,F0L,0.27,True
ae_denso,igbt,101,F0L,0.31,True
ae_denso,igbt,102,F0L,0.36,True
ae_denso,igbt,103,F0L,0.35000000000000003,True
ae_denso,igbt,104,F0L,0.38,True
ae_denso,igbt,105,F0L,0.41000000000000003,True
ae_denso,igbt,106,F0L,0.4,True
ae_denso,igbt,107,F0L,0.4,True
ae_denso,igbt,108,F0L,0.44,True
ae_denso,igbt,109,F0L,0.42,True
ae_denso,igbt,110,F0L,0.41000000000000003,True
ae_denso,igbt,111,F0L,0.43,True
ae_denso,igbt,112,F0L,0.36,True
ae_denso,igbt,113,F0L,0.46,True
ae_denso,igbt,114,F0L,0.44,True
ae_denso,igbt,115,F0L,0.43,True
ae_denso,igbt,116,F0L,0.43,True
ae_denso,igbt,117,F0L,0.42,True
ae_denso,igbt,118,F0L,0.45,True
ae_denso,igbt,119,F0L,0.45,True
ae_denso,igbt,120,F0L,0.41000000000000003,True
ae_denso,igbt,121,F0L,0.41000000000000003,True
ae_denso,igbt,122,F0L,0.39,True
ae_denso,igbt,123,F0L,0.41000000000000003,True
ae_denso,igbt,124,F0L,0.39,True
ae_denso,igbt,125,F0L,0.36,True
ae_denso,igbt,126,F0L,0.34,True
ae_denso,igbt,127,F0L,0.34,True
ae_denso,igbt,128,F0L,0.36,True
ae_denso,igbt,129,F0L,0.32,True
ae_denso,igbt,130,F0L,0.31,True
ae_denso,igbt,131,F0L,0.3,True
ae_denso,igbt,132,F0L,0.28,True
ae_denso,igbt,133,F0L,0.3,True
ae_denso,igbt,134,F0L,0.32,True
ae_denso,igbt,135,F0L,0.3,True
ae_denso,igbt,136,F0L,0.32,True
ae_denso,igbt,137,F0L,0.21,True
ae_denso,igbt,138,F0L,0.21,True
ae_denso,igbt,139,F0L,0.2,True
ae_denso,igbt,140,F0L,0.19,True
ae_denso,igbt,141,F0L,0.2,True
ae_denso,igbt,142,F0M,0.02,True
ae_denso,igbt,143,F0M,0.02,True
ae_denso,igbt,144,F0M,0.25,True
ae_denso,igbt,145,F0M,0.27,True
ae_denso,igbt,146,F0M,0.28,True
ae_denso,igbt,147,F0M,0.26,True
ae_denso,igbt,148,F0M,0.29,True
ae_denso,igbt,149,F0M,0.25,True
ae_denso,igbt,150,F0M,0.29,True
ae_denso,igbt,151,F0M,0.28,True
ae_denso,igbt,152,F0M,0.27,True
ae_denso,igbt,153,F0M,0.2,True
ae_denso,igbt,154,F0M,0.22,True
ae_denso,igbt,155,F0M,0.23,True
ae_denso,igbt,156,F0M,0.24,True
ae_denso,igbt,157,F0M,0.24,True
ae_denso,igbt,158,F0M,0.24,True
ae_denso,igbt,159,F0M,0.18,True
ae_denso,igbt,160,F0M,0.19,True
ae_denso,igbt,161,F0M,0.21,True
ae_denso,igbt,162,F0M,0.23,True
ae_denso,igbt,163,F0M,0.24,True
ae_denso,igbt,164,F0M,0.16,True
ae_denso,igbt,165,F0M,0.18,True
ae_denso,igbt,166,F0M,0.18,True
ae_denso,igbt,167,F0M,0.18,True
ae_denso,igbt,168,F0M,0.2,True
ae_denso,igbt,169,F0M,0.17,True
ae_denso,igbt,170,F0M,0.16,True
ae_denso,igbt,171,F0M,0.14,True
ae_denso,igbt,172,F0M,0.16,True
ae_denso,igbt,173,F0M,0.23,True
ae_denso,igbt,174,F0M,0.23,True
ae_denso,igbt,175,F0M,0.23,True
ae_denso,igbt,176,F0M,0.24,True
ae_denso,igbt,177,F0M,0.24,True
ae_denso,igbt,178,F0M,0.26,True
ae_denso,igbt,179,F0M,0.22,True
ae_denso,igbt,180,F0M,0.19,True
ae_denso,igbt,181,F0M,0.19,True
ae_denso,igbt,182,F0M,0.2,True
ae_denso,igbt,183,F0M,0.2,True
ae_denso,igbt,184,F0M,0.2,True
ae_denso,igbt,185,F0M,0.21,True
ae_denso,igbt,186,F0M,0.26,True
ae_denso,igbt,187,F0M,0.2,True
ae_denso,igbt,188,F0M,0.26,True
ae_denso,igbt,189,F0M,0.28,True
ae_denso,igbt,190,F0M,0.25,True
ae_denso,igbt,191,F0M,0.23,True
ae_denso,igbt,192,F0M,0.24,True
ae_denso,igbt,193,F0M,0.22,True
ae_denso,igbt,194,F0M,0.24,True
ae_denso,igbt,195,F0M,0.02,True
ae_denso,igbt,196,F0M,0.25,True
ae_denso,igbt,197,F0M,0.23,True
ae_denso,igbt,198,F0M,0.28,True
ae_denso,igbt,199,F0M,0.26,True
ae_denso,igbt,200,F0M,0.28,True
ae_denso,igbt,201,F0M,0.31,True
ae_denso,igbt,202,F0M,0.25,True
ae_denso,igbt,203,F0M,0.24,True
ae_denso,igbt,204,F0M,0.23,True
ae_denso,igbt,205,F0M,0.23,True
ae_denso,igbt,206,F0M,0.25,True
ae_denso,igbt,207,F0M,0.24,True
ae_denso,igbt,208,F0M,0.17,True
ae_denso,igbt,209,F0M,0.23,True
ae_denso,igbt,210,F0M,0.23,True
ae_denso,igbt,211,F0M,0.23,True
ae_denso,igbt,212,F0M,0.23,True
ae_denso,igbt,213,F0M,0.22,True
ae_denso,igbt,214,F0M,0.22,True
ae_denso,igbt,215,F0M,0.23,True
ae_denso,igbt,216,F0M,0.23,True
ae_denso,igbt,217,F0M,0.19,True
ae_denso,igbt,218,F0M,0.18,True
ae_denso,igbt,219,F0M,0.16,True
ae_denso,igbt,220,F0M,0.18,True
ae_denso,igbt,221,F0M,0.18,True
ae_denso,igbt,222,F0M,0.17,True
ae_denso,igbt,223,F0M,0.17,True
ae_denso,igbt,224,F0M,0.15,True
ae_denso,igbt,225,F0M,0.16,True
ae_denso,igbt,226,F0M,0.17,True
ae_denso,igbt,227,F0M,0.19,True
ae_denso,igbt,228,F0M,0.22,True
ae_denso,igbt,229,F0M,0.21,True
ae_denso,igbt,230,F0M,0.24,True
ae_denso,igbt,231,F0M,0.23,True
ae_denso,igbt,232,F0M,0.23,True
ae_denso,igbt,233,F0M,0.22,True
ae_denso,igbt,234,F0M,0.19,True
ae_denso,igbt,235,F0M,0.19,True
ae_denso,igbt,236,F0M,0.21,True
ae_denso,igbt,237,F0M,0.22,True
ae_denso,igbt,238,F0M,0.25,True
ae_denso,igbt,239,F0M,0.24,True
ae_denso,igbt,240,F0M,0.2,True
ae_denso,igbt,241,F0M,0.27,True
ae_denso,igbt,242,F0M,0.27,True
ae_denso,igbt,243,F0M,0.27,True
ae_denso,igbt,244,F0M,0.24,True
ae_denso,igbt,245,F0M,0.27,True
ae_denso,igbt,246,F0M,0.26,True
ae_denso,igbt,247,F0M,0.24,True
ae_denso,igbt,248,F0M,0.13,True
ae_denso,igbt,249,F0M,0.02,True
ae_denso,igbt,250,F0M,0.2,True
ae_denso,igbt,251,F0M,0.3,True
ae_denso,igbt,252,F0M,0.27,True
ae_denso,igbt,253,F0M,0.25,True
ae_denso,igbt,254,F0M,0.26,True
ae_denso,igbt,255,F0M,0.25,True
ae_denso,igbt,256,F0M,0.26,True
ae_denso,igbt,257,F0M,0.27,True
ae_denso,igbt,258,F0M,0.26,True
ae_denso,igbt,259,F0M,0.27,True
ae_denso,igbt,260,F0M,0.27,True
ae_denso,igbt,261,F0M,0.23,True
ae_denso,igbt,262,F0M,0.21,True
ae_denso,igbt,263,F0M,0.2,True
ae_denso,igbt,264,F0M,0.23,True
ae_denso,igbt,265,F0M,0.22,True
ae_denso,igbt,266,F0M,0.22,True
ae_denso,igbt,267,F0M,0.21,True
ae_denso,igbt,268,F0M,0.24,True
ae_denso,igbt,269,F0M,0.23,True
ae_denso,igbt,270,F0M,0.22,True
ae_denso,igbt,271,F0M,0.17,True
ae_denso,igbt,272,F0M,0.19,True
ae_denso,igbt,273,F0M,0.15,True
ae_denso,igbt,274,F0M,0.18,True
ae_denso,igbt,275,F0M,0.16,True
ae_denso,igbt,276,F0M,0.14,True
ae_denso,igbt,277,F0M,0.13,True
ae_denso,igbt,278,F0M,0.15,True
ae_denso,igbt,279,F0M,0.2,True
ae_denso,igbt,280,F0M,0.19,True
ae_lstm,igbt,0,F0L,0.35000000000000003,True
ae_lstm,igbt,1,F0L,0.35000000000000003,True
ae_lstm,igbt,2,F0L,0.36,True
ae_lstm,igbt,3,F0L,0.36,True
ae_lstm,igbt,4,F0L,0.37,True
ae_lstm,igbt,5,F0L,0.38,True
ae_lstm,igbt,6,F0L,0.27,True
ae_lstm,igbt,7,F0L,0.4,True
ae_lstm,igbt,8,F0L,0.45,True
ae_lstm,igbt,9,F0L,0.4,True
ae_lstm,igbt,10,F0L,0.41000000000000003,True
ae_lstm,igbt,11,F0L,0.41000000000000003,True
ae_lstm,igbt,12,F0L,0.43,True
ae_lstm,igbt,13,F0L,0.4,True
ae_lstm,igbt,14,F0L,0.35000000000000003,True
ae_lstm,igbt,15,F0L,0.36,True
ae_lstm,igbt,16,F0L,0.36,True
ae_lstm,igbt,17,F0L,0.38,True
ae_lstm,igbt,18,F0L,0.37,True
ae_lstm,igbt,19,F0L,0.37,True
ae_lstm,igbt,20,F0L,0.36,True
ae_lstm,igbt,21,F0L,0.35000000000000003,True
ae_lstm,igbt,22,F0L,0.33,True
ae_lstm,igbt,23,F0L,0.34,True
ae_lstm,igbt,24,F0L,0.34,True
ae_lstm,igbt,25,F0L,0.34,True
ae_lstm,igbt,26,F0L,0.35000000000000003,True
ae_lstm,igbt,27,F0L,0.34,True
ae_lstm,igbt,28,F0L,0.31,True
ae_lstm,igbt,29,F0L,0.31,True
ae_lstm,igbt,30,F0L,0.32,True
ae_lstm,igbt,31,F0L,0.34,True
ae_lstm,igbt,32,F0L,0.33,True
ae_lstm,igbt,33,F0L,0.32,True
ae_lstm,igbt,34,F0L,0.31,True
ae_lstm,igbt,35,F0L,0.3,True
ae_lstm,igbt,36,F0L,0.35000000000000003,True
ae_lstm,igbt,37,F0L,0.34,True
ae_lstm,igbt,38,F0L,0.35000000000000003,True
ae_lstm,igbt,39,F0L,0.34,True
ae_lstm,igbt,40,F0L,0.34,True
ae_lstm,igbt,41,F0L,0.31,True
ae_lstm,igbt,42,F0L,0.31,True
ae_lstm,igbt,43,F0L,0.34,True
ae_lstm,igbt,44,F0L,0.32,True
ae_lstm,igbt,45,F0L,0.31,True
ae_lstm,igbt,46,F0L,0.38,True
ae_lstm,igbt,47,F0L,0.37,True
ae_lstm,igbt,48,F0L,0.35000000000000003,True
ae_lstm,igbt,49,F0L,0.36,True
ae_lstm,igbt,50,F0L,0.35000000000000003,True
ae_lstm,igbt,51,F0L,0.33,True
ae_lstm,igbt,52,F0L,0.33,True
ae_lstm,igbt,53,F0L,0.36,True
ae_lstm,igbt,54,F0L,0.35000000000000003,True
ae_lstm,igbt,55,F0L,0.36,True
ae_lstm,igbt,56,F0L,0.36,True
ae_lstm,igbt,57,F0L,0.39,True
ae_lstm,igbt,58,F0L,0.41000000000000003,True
ae_lstm,igbt,59,F0L,0.29,True
ae_lstm,igbt,60,F0L,0.39,True
ae_lstm,igbt,61,F0L,0.44,True
ae_lstm,igbt,62,F0L,0.42,True
ae_lstm,igbt,63,F0L,0.41000000000000003,True
ae_lstm,igbt,64,F0L,0.42,True
ae_lstm,igbt,65,F0L,0.39,True
ae_lstm,igbt,66,F0L,0.37,True
ae_lstm,igbt,67,F0L,0.37,True
ae_lstm,igbt,68,F0L,0.38,True
ae_lstm,igbt,69,F0L,0.36,True
ae_lstm,igbt,70,F0L,0.37,True
ae_lstm,igbt,71,F0L,0.33,True
ae_lstm,igbt,72,F0L,0.39,True
ae_lstm,igbt,73,F0L,0.37,True
ae_lstm,igbt,74,F0L,0.34,True
ae_lstm,igbt,75,F0L,0.34,True
ae_lstm,igbt,76,F0L,0.34,True
ae_lstm,igbt,77,F0L,0.35000000000000003,True
ae_lstm,igbt,78,F0L,0.33,True
ae_lstm,igbt,79,F0L,0.35000000000000003,True
ae_lstm,igbt,80,F0L,0.33,True
ae_lstm,igbt,81,F0L,0.32,True
ae_lstm,igbt,82,F0L,0.32,True
ae_lstm,igbt,83,F0L,0.33,True
ae_lstm,igbt,84,F0L,0.33,True
ae_lstm,igbt,85,F0L,0.33,True
ae_lstm,igbt,86,F0L,0.33,True
ae_lstm,igbt,87,F0L,0.31,True
ae_lstm,igbt,88,F0L,0.29,True
ae_lstm,igbt,89,F0L,0.34,True
ae_lstm,igbt,90,F0L,0.34,True
ae_lstm,igbt,91,F0L,0.3,True
ae_lstm,igbt,92,F0L,0.33,True
ae_lstm,igbt,93,F0L,0.32,True
ae_lstm,igbt,94,F0L,0.31,True
ae_lstm,igbt,95,F0L,0.31,True
ae_lstm,igbt,96,F0L,0.32,True
ae_lstm,igbt,97,F0L,0.32,True
ae_lstm,igbt,98,F0L,0.32,True
ae_lstm,igbt,99,F0L,0.35000000000000003,True
ae_lstm,igbt,100,F0L,0.37,True
ae_lstm,igbt,101,F0L,0.33,True
ae_lstm,igbt,102,F0L,0.36,True
ae_lstm,igbt,103,F0L,0.35000000000000003,True
ae_lstm,igbt,104,F0L,0.34,True
ae_lstm,igbt,105,F0L,0.35000000000000003,True
ae_lstm,igbt,106,F0L,0.35000000000000003,True
ae_lstm,igbt,107,F0L,0.36,True
ae_lstm,igbt,108,F0L,0.37,True
ae_lstm,igbt,109,F0L,0.37,True
ae_lstm,igbt,110,F0L,0.37,True
ae_lstm,igbt,111,F0L,0.41000000000000003,True
ae_lstm,igbt,112,F0L,0.38,True
ae_lstm,igbt,113,F0L,0.42,True
ae_lstm,igbt,114,F0L,0.42,True
ae_lstm,igbt,115,F0L,0.41000000000000003,True
ae_lstm,igbt,116,F0L,0.4,True
ae_lstm,igbt,117,F0L,0.41000000000000003,True
ae_lstm,igbt,118,F0L,0.38,True
ae_lstm,igbt,119,F0L,0.39,True
ae_lstm,igbt,120,F0L,0.37,True
ae_lstm,igbt,121,F0L,0.36,True
ae_lstm,igbt,122,F0L,0.37,True
ae_lstm,igbt,123,F0L,0.36,True
ae_lstm,igbt,124,F0L,0.38,True
ae_lstm,igbt,125,F0L,0.35000000000000003,True
ae_lstm,igbt,126,F0L,0.37,True
ae_lstm,igbt,127,F0L,0.35000000000000003,True
ae_lstm,igbt,128,F0L,0.35000000000000003,True
ae_lstm,igbt,129,F0L,0.34,True
ae_lstm,igbt,130,F0L,0.34,True
ae_lstm,igbt,131,F0L,0.33,True
ae_lstm,igbt,132,F0L,0.33,True
ae_lstm,igbt,133,F0L,0.33,True
ae_lstm,igbt,134,F0L,0.33,True
ae_lstm,igbt,135,F0L,0.3,True
ae_lstm,igbt,136,F0L,0.33,True
ae_lstm,igbt,137,F0L,0.32,True
ae_lstm,igbt,138,F0L,0.32,True
ae_lstm,igbt,139,F0L,0.32,True
ae_lstm,igbt,140,F0L,0.32,True
ae_lstm,igbt,141,F0L,0.3,True
ae_lstm,igbt,142,F0M,0.02,True
ae_lstm,igbt,143,F0M,0.02,True
ae_lstm,igbt,144,F0M,0.24,True
ae_lstm,igbt,145,F0M,0.22,True
ae_lstm,igbt,146,F0M,0.24,True
ae_lstm,igbt,147,F0M,0.26,True
ae_lstm,igbt,148,F0M,0.25,True
ae_lstm,igbt,149,F0M,0.26,True
ae_lstm,igbt,150,F0M,0.25,True
ae_lstm,igbt,151,F0M,0.28,True
ae_lstm,igbt,152,F0M,0.27,True
ae_lstm,igbt,153,F0M,0.21,True
ae_lstm,igbt,154,F0M,0.22,True
ae_lstm,igbt,155,F0M,0.25,True
ae_lstm,igbt,156,F0M,0.26,True
ae_lstm,igbt,157,F0M,0.27,True
ae_lstm,igbt,158,F0M,0.27,True
ae_lstm,igbt,159,F0M,0.02,True
ae_lstm,igbt,160,F0M,0.26,True
ae_lstm,igbt,161,F0M,0.26,True
ae_lstm,igbt,162,F0M,0.25,True
ae_lstm,igbt,163,F0M,0.26,True
ae_lstm,igbt,164,F0M,0.24,True
ae_lstm,igbt,165,F0M,0.26,True
ae_lstm,igbt,166,F0M,0.26,True
ae_lstm,igbt,167,F0M,0.27,True
ae_lstm,igbt,168,F0M,0.27,True
ae_lstm,igbt,169,F0M,0.21,True
ae_lstm,igbt,170,F0M,0.25,True
ae_lstm,igbt,171,F0M,0.23,True
ae_lstm,igbt,172,F0M,0.26,True
ae_lstm,igbt,173,F0M,0.25,True
ae_lstm,igbt,174,F0M,0.28,True
ae_lstm,igbt,175,F0M,0.27,True
ae_lstm,igbt,176,F0M,0.29,True
ae_lstm,igbt,177,F0M,0.29,True
ae_lstm,igbt,178,F0M,0.28,True
ae_lstm,igbt,179,F0M,0.26,True
ae_lstm,igbt,180,F0M,0.24,True
ae_lstm,igbt,181,F0M,0.25,True
ae_lstm,igbt,182,F0M,0.22,True
ae_lstm,igbt,183,F0M,0.25,True
ae_lstm,igbt,184,F0M,0.26,True
ae_lstm,igbt,185,F0M,0.26,True
ae_lstm,igbt,186,F0M,0.26,True
ae_lstm,igbt,187,F0M,0.02,True
ae_lstm,igbt,188,F0M,0.25,True
ae_lstm,igbt,189,F0M,0.27,True
ae_lstm,igbt,190,F0M,0.24,True
ae_lstm,igbt,191,F0M,0.26,True
ae_lstm,igbt,192,F0M,0.28,True
ae_lstm,igbt,193,F0M,0.28,True
ae_lstm,igbt,194,F0M,0.22,True
ae_lstm,igbt,195,F0M,0.02,True
ae_lstm,igbt,196,F0M,0.29,True
ae_lstm,igbt,197,F0M,0.23,True
ae_lstm,igbt,198,F0M,0.26,True
ae_lstm,igbt,199,F0M,0.18,True
ae_lstm,igbt,200,F0M,0.2,True
ae_lstm,igbt,201,F0M,0.24,True
ae_lstm,igbt,202,F0M,0.26,True
ae_lstm,igbt,203,F0M,0.24,True
ae_lstm,igbt,204,F0M,0.24,True
ae_lstm,igbt,205,F0M,0.24,True
ae_lstm,igbt,206,F0M,0.22,True
ae_lstm,igbt,207,F0M,0.23,True
ae_lstm,igbt,208,F0M,0.2,True
ae_lstm,igbt,209,F0M,0.22,True
ae_lstm,igbt,210,F0M,0.24,True
ae_lstm,igbt,211,F0M,0.24,True
ae_lstm,igbt,212,F0M,0.27,True
ae_lstm,igbt,213,F0M,0.25,True
ae_lstm,igbt,214,F0M,0.26,True
ae_lstm,igbt,215,F0M,0.27,True
ae_lstm,igbt,216,F0M,0.25,True
ae_lstm,igbt,217,F0M,0.24,True
ae_lstm,igbt,218,F0M,0.25,True
ae_lstm,igbt,219,F0M,0.25,True
ae_lstm,igbt,220,F0M,0.26,True
ae_lstm,igbt,221,F0M,0.26,True
ae_lstm,igbt,222,F0M,0.21,True
ae_lstm,igbt,223,F0M,0.24,True
ae_lstm,igbt,224,F0M,0.27,True
ae_lstm,igbt,225,F0M,0.27,True
ae_lstm,igbt,226,F0M,0.02,True
ae_lstm,igbt,227,F0M,0.24,True
ae_lstm,igbt,228,F0M,0.25,True
ae_lstm,igbt,229,F0M,0.22,True
ae_lstm,igbt,230,F0M,0.26,True
ae_lstm,igbt,231,F0M,0.25,True
ae_lstm,igbt,232,F0M,0.24,True
ae_lstm,igbt,233,F0M,0.25,True
ae_lstm,igbt,234,F0M,0.25,True
ae_lstm,igbt,235,F0M,0.18,True
ae_lstm,igbt,236,F0M,0.26,True
ae_lstm,igbt,237,F0M,0.26,True
ae_lstm,igbt,238,F0M,0.26,True
ae_lstm,igbt,239,F0M,0.25,True
ae_lstm,igbt,240,F0M,0.21,True
ae_lstm,igbt,241,F0M,0.23,True
ae_lstm,igbt,242,F0M,0.27,True
ae_lstm,igbt,243,F0M,0.21,True
ae_lstm,igbt,244,F0M,0.27,True
ae_lstm,igbt,245,F0M,0.25,True
ae_lstm,igbt,246,F0M,0.28,True
ae_lstm,igbt,247,F0M,0.26,True
ae_lstm,igbt,248,F0M,0.12,True
ae_lstm,igbt,249,F0M,0.02,True
ae_lstm,igbt,250,F0M,0.26,True
ae_lstm,igbt,251,F0M,0.27,True
ae_lstm,igbt,252,F0M,0.02,True
ae_lstm,igbt,253,F0M,0.22,True
ae_lstm,igbt,254,F0M,0.26,True
ae_lstm,igbt,255,F0M,0.25,True
ae_lstm,igbt,256,F0M,0.22,True
ae_lstm,igbt,257,F0M,0.26,True
ae_lstm,igbt,258,F0M,0.25,True
ae_lstm,igbt,259,F0M,0.27,True
ae_lstm,igbt,260,F0M,0.26,True
ae_lstm,igbt,261,F0M,0.26,True
ae_lstm,igbt,262,F0M,0.25,True
ae_lstm,igbt,263,F0M,0.22,True
ae_lstm,igbt,264,F0M,0.26,True
ae_lstm,igbt,265,F0M,0.26,True
ae_lstm,igbt,266,F0M,0.27,True
ae_lstm,igbt,267,F0M,0.26,True
ae_lstm,igbt,268,F0M,0.27,True
ae_lstm,igbt,269,F0M,0.25,True
ae_lstm,igbt,270,F0M,0.25,True
ae_lstm,igbt,271,F0M,0.24,True
ae_lstm,igbt,272,F0M,0.26,True
ae_lstm,igbt,273,F0M,0.2,True
ae_lstm,igbt,274,F0M,0.26,True
ae_lstm,igbt,275,F0M,0.25,True
ae_lstm,igbt,276,F0M,0.25,True
ae_lstm,igbt,277,F0M,0.2,True
ae_lstm,igbt,278,F0M,0.26,True
ae_lstm,igbt,279,F0M,0.26,True
ae_lstm,igbt,280,F0M,0.26,True
ae_denso,fusivel_ac,0,F0L,0.72,True
ae_denso,fusivel_ac,1,F0L,0.67,True
ae_denso,fusivel_ac,2,F0L,0.71,True
ae_denso,fusivel_ac,3,F0L,0.7000000000000001,True
ae_denso,fusivel_ac,4,F0L,0.75,True
ae_denso,fusivel_ac,5,F0L,0.64,True
ae_denso,fusivel_ac,6,F0L,0.48,True
ae_denso,fusivel_ac,7,F0L,0.85,True
ae_denso,fusivel_ac,8,F0L,0.6900000000000001,True
ae_denso,fusivel_ac,9,F0L,0.68,True
ae_denso,fusivel_ac,10,F0L,0.63,True
ae_denso,fusivel_ac,11,F0L,0.73,True
ae_denso,fusivel_ac,12,F0L,0.7000000000000001,True
ae_denso,fusivel_ac,13,F0L,0.6900000000000001,True
ae_denso,fusivel_ac,14,F0L,0.7000000000000001,True
ae_denso,fusivel_ac,15,F0L,0.73,True
ae_denso,fusivel_ac,16,F0L,0.79,True
ae_denso,fusivel_ac,17,F0L,0.71,True
ae_denso,fusivel_ac,18,F0L,0.63,True
ae_denso,fusivel_ac,19,F0L,0.61,True
ae_denso,fusivel_ac,20,F0L,0.66,True
ae_denso,fusivel_ac,21,F0L,0.65,True
ae_denso,fusivel_ac,22,F0L,0.58,True
ae_denso,fusivel_ac,23,F0L,0.6,True
ae_denso,fusivel_ac,24,F0L,0.63,True
ae_denso,fusivel_ac,25,F0L,0.62,True
ae_denso,fusivel_ac,26,F0L,0.64,True
ae_denso,fusivel_ac,27,F0L,0.59,True
ae_denso,fusivel_ac,28,F0L,0.66,True
ae_denso,fusivel_ac,29,F0L,0.67,True
ae_denso,fusivel_ac,30,F0L,0.61,True
ae_denso,fusivel_ac,31,F0L,0.61,True
ae_denso,fusivel_ac,32,F0L,0.62,True
ae_denso,fusivel_ac,33,F0L,0.5700000000000001,True
ae_denso,fusivel_ac,34,F0L,0.62,True
ae_denso,fusivel_ac,35,F0L,0.61,True
ae_denso,fusivel_ac,36,F0L,0.58,True
ae_denso,fusivel_ac,37,F0L,0.54,True
ae_denso,fusivel_ac,38,F0L,0.54,True
ae_denso,fusivel_ac,39,F0L,0.45,True
ae_denso,fusivel_ac,40,F0L,0.63,True
ae_denso,fusivel_ac,41,F0L,0.63,True
ae_denso,fusivel_ac,42,F0L,0.62,True
ae_denso,fusivel_ac,43,F0L,0.66,True
ae_denso,fusivel_ac,44,F0L,0.75,True
ae_denso,fusivel_ac,45,F0L,0.74,True
ae_denso,fusivel_ac,46,F0L,0.54,True
ae_denso,fusivel_ac,47,F0L,0.7000000000000001,True
ae_denso,fusivel_ac,48,F0L,0.61,True
ae_denso,fusivel_ac,49,F0L,0.7000000000000001,True
ae_denso,fusivel_ac,50,F0L,0.72,True
ae_denso,fusivel_ac,51,F0L,0.7000000000000001,True
ae_denso,fusivel_ac,52,F0L,0.7000000000000001,True
ae_denso,fusivel_ac,53,F0L,0.66,True
ae_denso,fusivel_ac,54,F0L,0.72,True
ae_denso,fusivel_ac,55,F0L,0.73,True
ae_denso,fusivel_ac,56,F0L,0.72,True
ae_denso,fusivel_ac,57,F0L,0.78,True
ae_denso,fusivel_ac,58,F0L,0.68,True
ae_denso,fusivel_ac,59,F0L,0.02,True
ae_denso,fusivel_ac,60,F0L,0.88,True
ae_denso,fusivel_ac,61,F0L,0.77,True
ae_denso,fusivel_ac,62,F0L,0.6900000000000001,True
ae_denso,fusivel_ac,63,F0L,0.63,True
ae_denso,fusivel_ac,64,F0L,0.62,True
ae_denso,fusivel_ac,65,F0L,0.6900000000000001,True
ae_denso,fusivel_ac,66,F0L,0.63,True
ae_denso,fusivel_ac,67,F0L,0.65,True
ae_denso,fusivel_ac,68,F0L,0.66,True
ae_denso,fusivel_ac,69,F0L,0.77,True
ae_denso,fusivel_ac,70,F0L,0.67,True
ae_denso,fusivel_ac,71,F0L,0.6900000000000001,True
ae_denso,fusivel_ac,72,F0L,0.53,True
ae_denso,fusivel_ac,73,F0L,0.61,True
ae_denso,fusivel_ac,74,F0L,0.6,True
ae_denso,fusivel_ac,75,F0L,0.65,True
ae_denso,fusivel_ac,76,F0L,0.67,True
ae_denso,fusivel_ac,77,F0L,0.61,True
ae_denso,fusivel_ac,78,F0L,0.63,True
ae_denso,fusivel_ac,79,F0L,0.62,True
ae_denso,fusivel_ac,80,F0L,0.62,True
ae_denso,fusivel_ac,81,F0L,0.62,True
ae_denso,fusivel_ac,82,F0L,0.5700000000000001,True
ae_denso,fusivel_ac,83,F0L,0.6,True
ae_denso,fusivel_ac,84,F0L,0.58,True
ae_denso,fusivel_ac,85,F0L,0.59,True
ae_denso,fusivel_ac,86,F0L,0.6,True
ae_denso,fusivel_ac,87,F0L,0.6,True
ae_denso,fusivel_ac,88,F0L,0.6,True
ae_denso,fusivel_ac,89,F0L,0.59,True
ae_denso,fusivel_ac,90,F0L,0.5700000000000001,True
ae_denso,fusivel_ac,91,F0L,0.37,True
ae_denso,fusivel_ac,92,F0L,0.58,True
ae_denso,fusivel_ac,93,F0L,0.6,True
ae_denso,fusivel_ac,94,F0L,0.64,True
ae_denso,fusivel_ac,95,F0L,0.63,True
ae_denso,fusivel_ac,96,F0L,0.62,True
ae_denso,fusivel_ac,97,F0L,0.67,True
ae_denso,fusivel_ac,98,F0L,0.73,True
ae_denso,fusivel_ac,99,F0L,0.49,True
ae_denso,fusivel_ac,100,F0L,0.66,True
ae_denso,fusivel_ac,101,F0L,0.59,True
ae_denso,fusivel_ac,102,F0L,0.73,True
ae_denso,fusivel_ac,103,F0L,0.73,True
ae_denso,fusivel_ac,104,F0L,0.72,True
ae_denso,fusivel_ac,105,F0L,0.64,True
ae_denso,fusivel_ac,106,F0L,0.74,True
ae_denso,fusivel_ac,107,F0L,0.78,True
ae_denso,fusivel_ac,108,F0L,0.72,True
ae_denso,fusivel_ac,109,F0L,0.66,True
ae_denso,fusivel_ac,110,F0L,0.77,True
ae_denso,fusivel_ac,111,F0L,0.77,True
ae_denso,fusivel_ac,112,F0L,0.72,True
ae_denso,fusivel_ac,113,F0L,0.87,True
ae_denso,fusivel_ac,114,F0L,0.73,True
ae_denso,fusivel_ac,115,F0L,0.77,True
ae_denso,fusivel_ac,116,F0L,0.56,True
ae_denso,fusivel_ac,117,F0L,0.65,True
ae_denso,fusivel_ac,118,F0L,0.71,True
ae_denso,fusivel_ac,119,F0L,0.72,True
ae_denso,fusivel_ac,120,F0L,0.58,True
ae_denso,fusivel_ac,121,F0L,0.67,True
ae_denso,fusivel_ac,122,F0L,0.6900000000000001,True
ae_denso,fusivel_ac,123,F0L,0.7000000000000001,True
ae_denso,fusivel_ac,124,F0L,0.72,True
ae_denso,fusivel_ac,125,F0L,0.62,True
ae_denso,fusivel_ac,126,F0L,0.65,True
ae_denso,fusivel_ac,127,F0L,0.66,True
ae_denso,fusivel_ac,128,F0L,0.61,True
ae_denso,fusivel_ac,129,F0L,0.6,True
ae_denso,fusivel_ac,130,F0L,0.61,True
ae_denso,fusivel_ac,131,F0L,0.63,True
ae_denso,fusivel_ac,132,F0L,0.62,True
ae_denso,fusivel_ac,133,F0L,0.63,True
ae_denso,fusivel_ac,134,F0L,0.61,True
ae_denso,fusivel_ac,135,F0L,0.6,True
ae_denso,fusivel_ac,136,F0L,0.61,True
ae_denso,fusivel_ac,137,F0L,0.52,True
ae_denso,fusivel_ac,138,F0L,0.53,True
ae_denso,fusivel_ac,139,F0L,0.54,True
ae_denso,fusivel_ac,140,F0L,0.6,True
ae_denso,fusivel_ac,141,F0L,0.58,True
ae_denso,fusivel_ac,142,F0M,0.02,True
ae_denso,fusivel_ac,143,F0M,0.02,True
ae_denso,fusivel_ac,144,F0M,0.43,True
ae_denso,fusivel_ac,145,F0M,0.48,True
ae_denso,fusivel_ac,146,F0M,0.46,True
ae_denso,fusivel_ac,147,F0M,0.36,True
ae_denso,fusivel_ac,148,F0M,0.42,True
ae_denso,fusivel_ac,149,F0M,0.42,True
ae_denso,fusivel_ac,150,F0M,0.43,True
ae_denso,fusivel_ac,151,F0M,0.43,True
ae_denso,fusivel_ac,152,F0M,0.38,True
ae_denso,fusivel_ac,153,F0M,0.39,True
ae_denso,fusivel_ac,154,F0M,0.48,True
ae_denso,fusivel_ac,155,F0M,0.48,True
ae_denso,fusivel_ac,156,F0M,0.44,True
ae_denso,fusivel_ac,157,F0M,0.39,True
ae_denso,fusivel_ac,158,F0M,0.43,True
ae_denso,fusivel_ac,159,F0M,0.39,True
ae_denso,fusivel_ac,160,F0M,0.37,True
ae_denso,fusivel_ac,161,F0M,0.46,True
ae_denso,fusivel_ac,162,F0M,0.42,True
ae_denso,fusivel_ac,163,F0M,0.42,True
ae_denso,fusivel_ac,164,F0M,0.37,True
ae_denso,fusivel_ac,165,F0M,0.34,True
ae_denso,fusivel_ac,166,F0M,0.39,True
ae_denso,fusivel_ac,167,F0M,0.39,True
ae_denso,fusivel_ac,168,F0M,0.41000000000000003,True
ae_denso,fusivel_ac,169,F0M,0.38,True
ae_denso,fusivel_ac,170,F0M,0.46,True
ae_denso,fusivel_ac,171,F0M,0.39,True
ae_denso,fusivel_ac,172,F0M,0.41000000000000003,True
ae_denso,fusivel_ac,173,F0M,0.41000000000000003,True
ae_denso,fusivel_ac,174,F0M,0.37,True
ae_denso,fusivel_ac,175,F0M,0.39,True
ae_denso,fusivel_ac,176,F0M,0.41000000000000003,True
ae_denso,fusivel_ac,177,F0M,0.41000000000000003,True
ae_denso,fusivel_ac,178,F0M,0.39,True
ae_denso,fusivel_ac,179,F0M,0.45,True
ae_denso,fusivel_ac,180,F0M,0.4,True
ae_denso,fusivel_ac,181,F0M,0.4,True
ae_denso,fusivel_ac,182,F0M,0.35000000000000003,True
ae_denso,fusivel_ac,183,F0M,0.4,True
ae_denso,fusivel_ac,184,F0M,0.33,True
ae_denso,fusivel_ac,185,F0M,0.31,True
ae_denso,fusivel_ac,186,F0M,0.37,True
ae_denso,fusivel_ac,187,F0M,0.36,True
ae_denso,fusivel_ac,188,F0M,0.34,True
ae_denso,fusivel_ac,189,F0M,0.4,True
ae_denso,fusivel_ac,190,F0M,0.4,True
ae_denso,fusivel_ac,191,F0M,0.37,True
ae_denso,fusivel_ac,192,F0M,0.41000000000000003,True
ae_denso,fusivel_ac,193,F0M,0.39,True
ae_denso,fusivel_ac,194,F0M,0.49,True
ae_denso,fusivel_ac,195,F0M,0.02,True
ae_denso,fusivel_ac,196,F0M,0.34,True
ae_denso,fusivel_ac,197,F0M,0.46,True
ae_denso,fusivel_ac,198,F0M,0.33,True
ae_denso,fusivel_ac,199,F0M,0.34,True
ae_denso,fusivel_ac,200,F0M,0.42,True
ae_denso,fusivel_ac,201,F0M,0.41000000000000003,True
ae_denso,fusivel_ac,202,F0M,0.3,True
ae_denso,fusivel_ac,203,F0M,0.33,True
ae_denso,fusivel_ac,204,F0M,0.38,True
ae_denso,fusivel_ac,205,F0M,0.46,True
ae_denso,fusivel_ac,206,F0M,0.43,True
ae_denso,fusivel_ac,207,F0M,0.49,True
ae_denso,fusivel_ac,208,F0M,0.39,True
ae_denso,fusivel_ac,209,F0M,0.41000000000000003,True
ae_denso,fusivel_ac,210,F0M,0.41000000000000003,True
ae_denso,fusivel_ac,211,F0M,0.41000000000000003,True
ae_denso,fusivel_ac,212,F0M,0.38,True
ae_denso,fusivel_ac,213,F0M,0.38,True
ae_denso,fusivel_ac,214,F0M,0.44,True
ae_denso,fusivel_ac,215,F0M,0.45,True
ae_denso,fusivel_ac,216,F0M,0.44,True
ae_denso,fusivel_ac,217,F0M,0.39,True
ae_denso,fusivel_ac,218,F0M,0.4,True
ae_denso,fusivel_ac,219,F0M,0.38,True
ae_denso,fusivel_ac,220,F0M,0.39,True
ae_denso,fusivel_ac,221,F0M,0.39,True
ae_denso,fusivel_ac,222,F0M,0.42,True
ae_denso,fusivel_ac,223,F0M,0.46,True
ae_denso,fusivel_ac,224,F0M,0.36,True
ae_denso,fusivel_ac,225,F0M,0.38,True
ae_denso,fusivel_ac,226,F0M,0.21,True
ae_denso,fusivel_ac,227,F0M,0.38,True
ae_denso,fusivel_ac,228,F0M,0.45,True
ae_denso,fusivel_ac,229,F0M,0.35000000000000003,True
ae_denso,fusivel_ac,230,F0M,0.39,True
ae_denso,fusivel_ac,231,F0M,0.4,True
ae_denso,fusivel_ac,232,F0M,0.41000000000000003,True
ae_denso,fusivel_ac,233,F0M,0.42,True
ae_denso,fusivel_ac,234,F0M,0.46,True
ae_denso,fusivel_ac,235,F0M,0.38,True
ae_denso,fusivel_ac,236,F0M,0.44,True
ae_denso,fusivel_ac,237,F0M,0.32,True
ae_denso,fusivel_ac,238,F0M,0.29,True
ae_denso,fusivel_ac,239,F0M,0.25,True
ae_denso,fusivel_ac,240,F0M,0.44,True
ae_denso,fusivel_ac,241,F0M,0.43,True
ae_denso,fusivel_ac,242,F0M,0.4,True
ae_denso,fusivel_ac,243,F0M,0.4,True
ae_denso,fusivel_ac,244,F0M,0.4,True
ae_denso,fusivel_ac,245,F0M,0.39,True
ae_denso,fusivel_ac,246,F0M,0.43,True
ae_denso,fusivel_ac,247,F0M,0.44,True
ae_denso,fusivel_ac,248,F0M,0.4,True
ae_denso,fusivel_ac,249,F0M,0.02,True
ae_denso,fusivel_ac,250,F0M,0.54,True
ae_denso,fusivel_ac,251,F0M,0.36,True
ae_denso,fusivel_ac,252,F0M,0.18,True
ae_denso,fusivel_ac,253,F0M,0.32,True
ae_denso,fusivel_ac,254,F0M,0.32,True
ae_denso,fusivel_ac,255,F0M,0.3,True
ae_denso,fusivel_ac,256,F0M,0.32,True
ae_denso,fusivel_ac,257,F0M,0.41000000000000003,True
ae_denso,fusivel_ac,258,F0M,0.35000000000000003,True
ae_denso,fusivel_ac,259,F0M,0.44,True
ae_denso,fusivel_ac,260,F0M,0.45,True
ae_denso,fusivel_ac,261,F0M,0.41000000000000003,True
ae_denso,fusivel_ac,262,F0M,0.44,True
ae_denso,fusivel_ac,263,F0M,0.43,True
ae_denso,fusivel_ac,264,F0M,0.48,True
ae_denso,fusivel_ac,265,F0M,0.41000000000000003,True
ae_denso,fusivel_ac,266,F0M,0.45,True
ae_denso,fusivel_ac,267,F0M,0.38,True
ae_denso,fusivel_ac,268,F0M,0.39,True
ae_denso,fusivel_ac,269,F0M,0.38,True
ae_denso,fusivel_ac,270,F0M,0.39,True
ae_denso,fusivel_ac,271,F0M,0.4,True
ae_denso,fusivel_ac,272,F0M,0.36,True
ae_denso,fusivel_ac,273,F0M,0.38,True
ae_denso,fusivel_ac,274,F0M,0.43,True
ae_denso,fusivel_ac,275,F0M,0.43,True
ae_denso,fusivel_ac,276,F0M,0.45,True
ae_denso,fusivel_ac,277,F0M,0.36,True
ae_denso,fusivel_ac,278,F0M,0.36,True
ae_denso,fusivel_ac,279,F0M,0.38,True
ae_denso,fusivel_ac,280,F0M,0.44,True
ae_lstm,fusivel_ac,0,F0L,1.0,False
ae_lstm,fusivel_ac,1,F0L,1.0,False
ae_lstm,fusivel_ac,2,F0L,1.0,False
ae_lstm,fusivel_ac,3,F0L,1.0,False
ae_lstm,fusivel_ac,4,F0L,1.0,False
ae_lstm,fusivel_ac,5,F0L,0.99,True
ae_lstm,fusivel_ac,6,F0L,0.78,True
ae_lstm,fusivel_ac,7,F0L,1.0,False
ae_lstm,fusivel_ac,8,F0L,1.0,False
ae_lstm,fusivel_ac,9,F0L,1.0,False
ae_lstm,fusivel_ac,10,F0L,1.0,False
ae_lstm,fusivel_ac,11,F0L,1.0,False
ae_lstm,fusivel_ac,12,F0L,1.0,False
ae_lstm,fusivel_ac,13,F0L,1.0,False
ae_lstm,fusivel_ac,14,F0L,1.0,False
ae_lstm,fusivel_ac,15,F0L,1.0,False
ae_lstm,fusivel_ac,16,F0L,1.0,False
ae_lstm,fusivel_ac,17,F0L,1.0,False
ae_lstm,fusivel_ac,18,F0L,1.0,False
ae_lstm,fusivel_ac,19,F0L,1.0,False
ae_lstm,fusivel_ac,20,F0L,1.0,False
ae_lstm,fusivel_ac,21,F0L,1.0,True
ae_lstm,fusivel_ac,22,F0L,0.9500000000000001,True
ae_lstm,fusivel_ac,23,F0L,0.98,True
ae_lstm,fusivel_ac,24,F0L,1.0,True
ae_lstm,fusivel_ac,25,F0L,1.0,True
ae_lstm,fusivel_ac,26,F0L,0.99,True
ae_lstm,fusivel_ac,27,F0L,0.92,True
ae_lstm,fusivel_ac,28,F0L,0.9500000000000001,True
ae_lstm,fusivel_ac,29,F0L,0.97,True
ae_lstm,fusivel_ac,30,F0L,0.92,True
ae_lstm,fusivel_ac,31,F0L,0.98,True
ae_lstm,fusivel_ac,32,F0L,0.98,True
ae_lstm,fusivel_ac,33,F0L,0.9500000000000001,True
ae_lstm,fusivel_ac,34,F0L,0.97,True
ae_lstm,fusivel_ac,35,F0L,0.92,True
ae_lstm,fusivel_ac,36,F0L,0.91,True
ae_lstm,fusivel_ac,37,F0L,0.93,True
ae_lstm,fusivel_ac,38,F0L,0.97,True
ae_lstm,fusivel_ac,39,F0L,1.0,False
ae_lstm,fusivel_ac,40,F0L,1.0,False
ae_lstm,fusivel_ac,41,F0L,1.0,False
ae_lstm,fusivel_ac,42,F0L,1.0,False
ae_lstm,fusivel_ac,43,F0L,1.0,False
ae_lstm,fusivel_ac,44,F0L,1.0,False
ae_lstm,fusivel_ac,45,F0L,1.0,False
ae_lstm,fusivel_ac,46,F0L,0.97,True
ae_lstm,fusivel_ac,47,F0L,1.0,False
ae_lstm,fusivel_ac,48,F0L,0.97,True
ae_lstm,fusivel_ac,49,F0L,1.0,False
ae_lstm,fusivel_ac,50,F0L,1.0,False
ae_lstm,fusivel_ac,51,F0L,1.0,False
ae_lstm,fusivel_ac,52,F0L,1.0,False
ae_lstm,fusivel_ac,53,F0L,1.0,False
ae_lstm,fusivel_ac,54,F0L,1.0,False
ae_lstm,fusivel_ac,55,F0L,1.0,False
ae_lstm,fusivel_ac,56,F0L,1.0,False
ae_lstm,fusivel_ac,57,F0L,1.0,False
ae_lstm,fusivel_ac,58,F0L,0.97,True
ae_lstm,fusivel_ac,59,F0L,0.96,True
ae_lstm,fusivel_ac,60,F0L,1.0,False
ae_lstm,fusivel_ac,61,F0L,1.0,False
ae_lstm,fusivel_ac,62,F0L,1.0,False
ae_lstm,fusivel_ac,63,F0L,1.0,False
ae_lstm,fusivel_ac,64,F0L,1.0,False
ae_lstm,fusivel_ac,65,F0L,1.0,False
ae_lstm,fusivel_ac,66,F0L,1.0,False
ae_lstm,fusivel_ac,67,F0L,1.0,False
ae_lstm,fusivel_ac,68,F0L,1.0,False
ae_lstm,fusivel_ac,69,F0L,1.0,False
ae_lstm,fusivel_ac,70,F0L,1.0,False
ae_lstm,fusivel_ac,71,F0L,1.0,False
ae_lstm,fusivel_ac,72,F0L,0.98,True
ae_lstm,fusivel_ac,73,F0L,1.0,False
ae_lstm,fusivel_ac,74,F0L,0.9500000000000001,True
ae_lstm,fusivel_ac,75,F0L,0.99,True
ae_lstm,fusivel_ac,76,F0L,1.0,False
ae_lstm,fusivel_ac,77,F0L,1.0,True
ae_lstm,fusivel_ac,78,F0L,1.0,False
ae_lstm,fusivel_ac,79,F0L,0.96,True
ae_lstm,fusivel_ac,80,F0L,0.9500000000000001,True
ae_lstm,fusivel_ac,81,F0L,0.9500000000000001,True
ae_lstm,fusivel_ac,82,F0L,0.89,True
ae_lstm,fusivel_ac,83,F0L,0.93,True
ae_lstm,fusivel_ac,84,F0L,0.9500000000000001,True
ae_lstm,fusivel_ac,85,F0L,0.96,True
ae_lstm,fusivel_ac,86,F0L,0.98,True
ae_lstm,fusivel_ac,87,F0L,0.97,True
ae_lstm,fusivel_ac,88,F0L,0.93,True
ae_lstm,fusivel_ac,89,F0L,0.9400000000000001,True
ae_lstm,fusivel_ac,90,F0L,0.96,True
ae_lstm,fusivel_ac,91,F0L,0.93,True
ae_lstm,fusivel_ac,92,F0L,1.0,False
ae_lstm,fusivel_ac,93,F0L,1.0,False
ae_lstm,fusivel_ac,94,F0L,1.0,False
ae_lstm,fusivel_ac,95,F0L,1.0,False
ae_lstm,fusivel_ac,96,F0L,1.0,False
ae_lstm,fusivel_ac,97,F0L,1.0,False
ae_lstm,fusivel_ac,98,F0L,1.0,False
ae_lstm,fusivel_ac,99,F0L,0.93,True
ae_lstm,fusivel_ac,100,F0L,1.0,False
ae_lstm,fusivel_ac,101,F0L,0.9400000000000001,True
ae_lstm,fusivel_ac,102,F0L,1.0,False
ae_lstm,fusivel_ac,103,F0L,1.0,False
ae_lstm,fusivel_ac,104,F0L,1.0,False
ae_lstm,fusivel_ac,105,F0L,1.0,False
ae_lstm,fusivel_ac,106,F0L,1.0,False
ae_lstm,fusivel_ac,107,F0L,1.0,False
ae_lstm,fusivel_ac,108,F0L,1.0,False
ae_lstm,fusivel_ac,109,F0L,1.0,False
ae_lstm,fusivel_ac,110,F0L,1.0,False
ae_lstm,fusivel_ac,111,F0L,1.0,False
ae_lstm,fusivel_ac,112,F0L,1.0,False
ae_lstm,fusivel_ac,113,F0L,1.0,False
ae_lstm,fusivel_ac,114,F0L,1.0,False
ae_lstm,fusivel_ac,115,F0L,1.0,False
ae_lstm,fusivel_ac,116,F0L,1.0,False
ae_lstm,fusivel_ac,117,F0L,1.0,False
ae_lstm,fusivel_ac,118,F0L,1.0,False
ae_lstm,fusivel_ac,119,F0L,1.0,False
ae_lstm,fusivel_ac,120,F0L,1.0,False
ae_lstm,fusivel_ac,121,F0L,1.0,False
ae_lstm,fusivel_ac,122,F0L,1.0,False
ae_lstm,fusivel_ac,123,F0L,1.0,False
ae_lstm,fusivel_ac,124,F0L,1.0,False
ae_lstm,fusivel_ac,125,F0L,1.0,False
ae_lstm,fusivel_ac,126,F0L,1.0,False
ae_lstm,fusivel_ac,127,F0L,1.0,False
ae_lstm,fusivel_ac,128,F0L,0.96,True
ae_lstm,fusivel_ac,129,F0L,0.98,True
ae_lstm,fusivel_ac,130,F0L,0.99,True
ae_lstm,fusivel_ac,131,F0L,1.0,True
ae_lstm,fusivel_ac,132,F0L,0.91,True
ae_lstm,fusivel_ac,133,F0L,0.92,True
ae_lstm,fusivel_ac,134,F0L,0.9400000000000001,True
ae_lstm,fusivel_ac,135,F0L,0.91,True
ae_lstm,fusivel_ac,136,F0L,0.96,True
ae_lstm,fusivel_ac,137,F0L,0.87,True
ae_lstm,fusivel_ac,138,F0L,0.92,True
ae_lstm,fusivel_ac,139,F0L,0.9400000000000001,True
ae_lstm,fusivel_ac,140,F0L,0.96,True
ae_lstm,fusivel_ac,141,F0L,0.93,True
ae_lstm,fusivel_ac,142,F0M,0.02,True
ae_lstm,fusivel_ac,143,F0M,0.02,True
ae_lstm,fusivel_ac,144,F0M,0.72,True
ae_lstm,fusivel_ac,145,F0M,0.71,True
ae_lstm,fusivel_ac,146,F0M,0.6900000000000001,True
ae_lstm,fusivel_ac,147,F0M,0.55,True
ae_lstm,fusivel_ac,148,F0M,0.63,True
ae_lstm,fusivel_ac,149,F0M,0.61,True
ae_lstm,fusivel_ac,150,F0M,0.67,True
ae_lstm,fusivel_ac,151,F0M,0.6900000000000001,True
ae_lstm,fusivel_ac,152,F0M,0.67,True
ae_lstm,fusivel_ac,153,F0M,0.63,True
ae_lstm,fusivel_ac,154,F0M,0.66,True
ae_lstm,fusivel_ac,155,F0M,0.73,True
ae_lstm,fusivel_ac,156,F0M,0.6900000000000001,True
ae_lstm,fusivel_ac,157,F0M,0.65,True
ae_lstm,fusivel_ac,158,F0M,0.6900000000000001,True
ae_lstm,fusivel_ac,159,F0M,0.02,True
ae_lstm,fusivel_ac,160,F0M,0.63,True
ae_lstm,fusivel_ac,161,F0M,0.68,True
ae_lstm,fusivel_ac,162,F0M,0.66,True
ae_lstm,fusivel_ac,163,F0M,0.67,True
ae_lstm,fusivel_ac,164,F0M,0.65,True
ae_lstm,fusivel_ac,165,F0M,0.61,True
ae_lstm,fusivel_ac,166,F0M,0.63,True
ae_lstm,fusivel_ac,167,F0M,0.64,True
ae_lstm,fusivel_ac,168,F0M,0.63,True
ae_lstm,fusivel_ac,169,F0M,0.56,True
ae_lstm,fusivel_ac,170,F0M,0.68,True
ae_lstm,fusivel_ac,171,F0M,0.61,True
ae_lstm,fusivel_ac,172,F0M,0.62,True
ae_lstm,fusivel_ac,173,F0M,0.66,True
ae_lstm,fusivel_ac,174,F0M,0.66,True
ae_lstm,fusivel_ac,175,F0M,0.67,True
ae_lstm,fusivel_ac,176,F0M,0.68,True
ae_lstm,fusivel_ac,177,F0M,0.7000000000000001,True
ae_lstm,fusivel_ac,178,F0M,0.6900000000000001,True
ae_lstm,fusivel_ac,179,F0M,0.72,True
ae_lstm,fusivel_ac,180,F0M,0.7000000000000001,True
ae_lstm,fusivel_ac,181,F0M,0.68,True
ae_lstm,fusivel_ac,182,F0M,0.44,True
ae_lstm,fusivel_ac,183,F0M,0.59,True
ae_lstm,fusivel_ac,184,F0M,0.64,True
ae_lstm,fusivel_ac,185,F0M,0.66,True
ae_lstm,fusivel_ac,186,F0M,0.7000000000000001,True
ae_lstm,fusivel_ac,187,F0M,0.02,True
ae_lstm,fusivel_ac,188,F0M,0.6,True
ae_lstm,fusivel_ac,189,F0M,0.6900000000000001,True
ae_lstm,fusivel_ac,190,F0M,0.68,True
ae_lstm,fusivel_ac,191,F0M,0.6900000000000001,True
ae_lstm,fusivel_ac,192,F0M,0.71,True
ae_lstm,fusivel_ac,193,F0M,0.62,True
ae_lstm,fusivel_ac,194,F0M,0.59,True
ae_lstm,fusivel_ac,195,F0M,0.02,True
ae_lstm,fusivel_ac,196,F0M,0.65,True
ae_lstm,fusivel_ac,197,F0M,0.46,True
ae_lstm,fusivel_ac,198,F0M,0.66,True
ae_lstm,fusivel_ac,199,F0M,0.71,True
ae_lstm,fusivel_ac,200,F0M,0.55,True
ae_lstm,fusivel_ac,201,F0M,0.65,True
ae_lstm,fusivel_ac,202,F0M,0.53,True
ae_lstm,fusivel_ac,203,F0M,0.6,True
ae_lstm,fusivel_ac,204,F0M,0.65,True
ae_lstm,fusivel_ac,205,F0M,0.71,True
ae_lstm,fusivel_ac,206,F0M,0.59,True
ae_lstm,fusivel_ac,207,F0M,0.67,True
ae_lstm,fusivel_ac,208,F0M,0.59,True
ae_lstm,fusivel_ac,209,F0M,0.6,True
ae_lstm,fusivel_ac,210,F0M,0.61,True
ae_lstm,fusivel_ac,211,F0M,0.63,True
ae_lstm,fusivel_ac,212,F0M,0.63,True
ae_lstm,fusivel_ac,213,F0M,0.64,True
ae_lstm,fusivel_ac,214,F0M,0.6900000000000001,True
ae_lstm,fusivel_ac,215,F0M,0.7000000000000001,True
ae_lstm,fusivel_ac,216,F0M,0.66,True
ae_lstm,fusivel_ac,217,F0M,0.65,True
ae_lstm,fusivel_ac,218,F0M,0.66,True
ae_lstm,fusivel_ac,219,F0M,0.65,True
ae_lstm,fusivel_ac,220,F0M,0.64,True
ae_lstm,fusivel_ac,221,F0M,0.61,True
ae_lstm,fusivel_ac,222,F0M,0.61,True
ae_lstm,fusivel_ac,223,F0M,0.61,True
ae_lstm,fusivel_ac,224,F0M,0.6,True
ae_lstm,fusivel_ac,225,F0M,0.5700000000000001,True
ae_lstm,fusivel_ac,226,F0M,0.02,True
ae_lstm,fusivel_ac,227,F0M,0.64,True
ae_lstm,fusivel_ac,228,F0M,0.7000000000000001,True
ae_lstm,fusivel_ac,229,F0M,0.36,True
ae_lstm,fusivel_ac,230,F0M,0.66,True
ae_lstm,fusivel_ac,231,F0M,0.67,True
ae_lstm,fusivel_ac,232,F0M,0.67,True
ae_lstm,fusivel_ac,233,F0M,0.7000000000000001,True
ae_lstm,fusivel_ac,234,F0M,0.71,True
ae_lstm,fusivel_ac,235,F0M,0.44,True
ae_lstm,fusivel_ac,236,F0M,0.65,True
ae_lstm,fusivel_ac,237,F0M,0.64,True
ae_lstm,fusivel_ac,238,F0M,0.29,True
ae_lstm,fusivel_ac,239,F0M,0.7000000000000001,True
ae_lstm,fusivel_ac,240,F0M,0.49,True
ae_lstm,fusivel_ac,241,F0M,0.66,True
ae_lstm,fusivel_ac,242,F0M,0.6900000000000001,True
ae_lstm,fusivel_ac,243,F0M,0.47000000000000003,True
ae_lstm,fusivel_ac,244,F0M,0.71,True
ae_lstm,fusivel_ac,245,F0M,0.55,True
ae_lstm,fusivel_ac,246,F0M,0.62,True
ae_lstm,fusivel_ac,247,F0M,0.51,True
ae_lstm,fusivel_ac,248,F0M,0.47000000000000003,True
ae_lstm,fusivel_ac,249,F0M,0.02,True
ae_lstm,fusivel_ac,250,F0M,0.75,True
ae_lstm,fusivel_ac,251,F0M,0.74,True
ae_lstm,fusivel_ac,252,F0M,0.02,True
ae_lstm,fusivel_ac,253,F0M,0.65,True
ae_lstm,fusivel_ac,254,F0M,0.63,True
ae_lstm,fusivel_ac,255,F0M,0.59,True
ae_lstm,fusivel_ac,256,F0M,0.58,True
ae_lstm,fusivel_ac,257,F0M,0.65,True
ae_lstm,fusivel_ac,258,F0M,0.5700000000000001,True
ae_lstm,fusivel_ac,259,F0M,0.62,True
ae_lstm,fusivel_ac,260,F0M,0.64,True
ae_lstm,fusivel_ac,261,F0M,0.64,True
ae_lstm,fusivel_ac,262,F0M,0.6900000000000001,True
ae_lstm,fusivel_ac,263,F0M,0.53,True
ae_lstm,fusivel_ac,264,F0M,0.72,True
ae_lstm,fusivel_ac,265,F0M,0.68,True
ae_lstm,fusivel_ac,266,F0M,0.7000000000000001,True
ae_lstm,fusivel_ac,267,F0M,0.64,True
ae_lstm,fusivel_ac,268,F0M,0.66,True
ae_lstm,fusivel_ac,269,F0M,0.62,True
ae_lstm,fusivel_ac,270,F0M,0.61,True
ae_lstm,fusivel_ac,271,F0M,0.65,True
ae_lstm,fusivel_ac,272,F0M,0.63,True
ae_lstm,fusivel_ac,273,F0M,0.44,True
ae_lstm,fusivel_ac,274,F0M,0.66,True
ae_lstm,fusivel_ac,275,F0M,0.62,True
ae_lstm,fusivel_ac,276,F0M,0.62,True
ae_lstm,fusivel_ac,277,F0M,0.58,True
ae_lstm,fusivel_ac,278,F0M,0.56,True
ae_lstm,fusivel_ac,279,F0M,0.61,True
ae_lstm,fusivel_ac,280,F0M,0.6900000000000001,True
