model,component,magnitude,empirical_cdf,log_magnitude,weibull_y,position_method
ae_denso,contator_ac,0.02,0.009594882729211007,-3.912023005428146,-4.641708639609736,modified_KM_NIST_grouped_ties
ae_denso,contator_ac,0.15,0.02025586353944553,-1.8971199848858813,-3.8890965051286788,modified_KM_NIST_grouped_ties
ae_denso,contator_ac,0.18,0.023809523809523725,-1.7147984280919266,-3.725645037876429,modified_KM_NIST_grouped_ties
ae_denso,contator_ac,0.2,0.02736318407960192,-1.6094379124341003,-3.5847166245843014,modified_KM_NIST_grouped_ties
ae_denso,contator_ac,0.21,0.03447050461975824,-1.5606477482646683,-3.3501632157778802,modified_KM_NIST_grouped_ties
ae_denso,contator_ac,0.22,0.048685145700070986,-1.5141277326297755,-2.997530005426403,modified_KM_NIST_grouped_ties
ae_denso,contator_ac,0.23,0.07533759772565732,-1.4696759700589417,-2.546868287838412,modified_KM_NIST_grouped_ties
ae_denso,contator_ac,0.24,0.10909737029139999,-1.4271163556401458,-2.1583103961163905,modified_KM_NIST_grouped_ties
ae_denso,contator_ac,0.25,0.1464108031272208,-1.3862943611198906,-1.843230242304615,modified_KM_NIST_grouped_ties
ae_denso,contator_ac,0.26,0.17839374555792445,-1.3470736479666092,-1.6271233423766298,modified_KM_NIST_grouped_ties
ae_denso,contator_ac,0.27,0.20682302771855005,-1.3093333199837622,-1.462273375374363,modified_KM_NIST_grouped_ties
ae_denso,contator_ac,0.28,0.24769012082444927,-1.2729656758128873,-1.256646115272253,modified_KM_NIST_grouped_ties
ae_denso,contator_ac,0.29,0.29211087420042675,-1.2378743560016174,-1.062855839742105,modified_KM_NIST_grouped_ties
ae_denso,contator_ac,0.3,0.3223169864960914,-1.2039728043259361,-0.9439815273369221,modified_KM_NIST_grouped_ties
ae_denso,contator_ac,0.31,0.34363894811656065,-1.171182981502945,-0.865017326181032,modified_KM_NIST_grouped_ties
ae_denso,contator_ac,0.32,0.3738450604122253,-1.1394342831883648,-0.758950648224961,modified_KM_NIST_grouped_ties
ae_denso,contator_ac,0.33,0.4147121535181245,-1.1086626245216111,-0.6242715019459787,modified_KM_NIST_grouped_ties
ae_denso,contator_ac,0.34,0.4502487562189065,-1.0788096613719298,-0.5136807171668948,modified_KM_NIST_grouped_ties
ae_denso,contator_ac,0.35000000000000003,0.48045486851457114,-1.0498221244986776,-0.4234229940186569,modified_KM_NIST_grouped_ties
ae_denso,contator_ac,0.36,0.5195451314854311,-1.0216512475319814,-0.3105795897259743,modified_KM_NIST_grouped_ties
ae_denso,contator_ac,0.37,0.5675195451314866,-0.9942522733438669,-0.17647689652096568,modified_KM_NIST_grouped_ties
ae_denso,contator_ac,0.38,0.6048329779673074,-0.9675840262617056,-0.07424223654421787,modified_KM_NIST_grouped_ties
ae_denso,contator_ac,0.39,0.6226012793176983,-0.941608539858445,-0.025878954246174316,modified_KM_NIST_grouped_ties
ae_denso,contator_ac,0.4,0.6528073916133627,-0.916290731874155,0.0562627326003742,modified_KM_NIST_grouped_ties
ae_denso,contator_ac,0.41000000000000003,0.6918976545842227,-0.8915981192837835,0.16324343873728647,modified_KM_NIST_grouped_ties
ae_denso,contator_ac,0.42,0.7203269367448479,-0.8675005677047231,0.2422667237209779,modified_KM_NIST_grouped_ties
ae_denso,contator_ac,0.43,0.7452025586353954,-0.843970070294529,0.3128280435338433,modified_KM_NIST_grouped_ties
ae_denso,contator_ac,0.44,0.7754086709310598,-0.8209805520698302,0.40110417540022975,modified_KM_NIST_grouped_ties
ae_denso,contator_ac,0.45,0.8038379530916852,-0.7985076962177716,0.48785226012911304,modified_KM_NIST_grouped_ties
ae_denso,contator_ac,0.46,0.8304904051172713,-0.7765287894989963,0.5737135159319187,modified_KM_NIST_grouped_ties
ae_denso,contator_ac,0.47000000000000003,0.8535891968727796,-0.7550225842780327,0.6530222806819254,modified_KM_NIST_grouped_ties
ae_denso,contator_ac,0.48,0.8678038379530921,-0.7339691750802004,0.7048130605026434,modified_KM_NIST_grouped_ties
ae_denso,contator_ac,0.49,0.8837953091684441,-0.7133498878774648,0.7665844588524612,modified_KM_NIST_grouped_ties
ae_denso,contator_ac,0.5,0.9015636105188349,-0.6931471805599453,0.8408534532244706,modified_KM_NIST_grouped_ties
ae_denso,contator_ac,0.51,0.9157782515991474,-0.6733445532637656,0.9059583750602004,modified_KM_NIST_grouped_ties
ae_denso,contator_ac,0.52,0.9335465529495384,-0.6539264674066639,0.9974111186379089,modified_KM_NIST_grouped_ties
ae_denso,contator_ac,0.53,0.9530916844349683,-0.6348782724359695,1.1182712177604484,modified_KM_NIST_grouped_ties
ae_denso,contator_ac,0.54,0.9673063255152808,-0.616186139423817,1.2298082740331726,modified_KM_NIST_grouped_ties
ae_denso,contator_ac,0.56,0.9779673063255154,-0.579818495252942,1.3390003884127555,modified_KM_NIST_grouped_ties
ae_denso,contator_ac,0.58,0.9850746268656717,-0.5447271754416722,1.4362011919161934,modified_KM_NIST_grouped_ties
ae_denso,contator_ac,0.6,0.992181947405828,-0.5108256237659907,1.5792507884088594,modified_KM_NIST_grouped_ties
ae_denso,contator_ac,0.61,0.9975124378109453,-0.4942963218147801,1.7911679757667909,modified_KM_NIST_grouped_ties
ae_lstm,contator_ac,0.02,0.014925373134328276,-3.912023005428146,-4.19718310309743,modified_KM_NIST_grouped_ties
ae_lstm,contator_ac,0.19,0.030916844349680117,-1.6607312068216509,-3.460792785638753,modified_KM_NIST_grouped_ties
ae_lstm,contator_ac,0.24,0.0362473347547973,-1.4271163556401458,-3.2989859265155257,modified_KM_NIST_grouped_ties
ae_lstm,contator_ac,0.25,0.04513148542999279,-1.3862943611198906,-3.075173199392944,modified_KM_NIST_grouped_ties
ae_lstm,contator_ac,0.27,0.05401563610518828,-1.3093333199837622,-2.8908455731819083,modified_KM_NIST_grouped_ties
ae_lstm,contator_ac,0.28,0.059346126510305575,-1.2729656758128873,-2.793934360867049,modified_KM_NIST_grouped_ties
ae_lstm,contator_ac,0.29,0.06467661691542276,-1.2378743560016174,-2.7051103482704923,modified_KM_NIST_grouped_ties
ae_lstm,contator_ac,0.3,0.07000710732054005,-1.2039728043259361,-2.6230888156775976,modified_KM_NIST_grouped_ties
ae_lstm,contator_ac,0.31,0.07533759772565735,-1.171182981502945,-2.5468682878384117,modified_KM_NIST_grouped_ties
ae_lstm,contator_ac,0.32,0.08422174840085273,-1.1394342831883648,-2.430634089772466,modified_KM_NIST_grouped_ties
ae_lstm,contator_ac,0.33,0.09488272921108727,-1.1086626245216111,-2.3056822573109548,modified_KM_NIST_grouped_ties
ae_lstm,contator_ac,0.34,0.11087420042643908,-1.0788096613719298,-2.14117613278076,modified_KM_NIST_grouped_ties
ae_lstm,contator_ac,0.35000000000000003,0.1375266524520253,-1.0498221244986776,-1.9108739251840172,modified_KM_NIST_grouped_ties
ae_lstm,contator_ac,0.36,0.17128642501776808,-1.0216512475319814,-1.6719481441876,modified_KM_NIST_grouped_ties
ae_lstm,contator_ac,0.37,0.20859985785358914,-0.9942522733438669,-1.4526411490745028,modified_KM_NIST_grouped_ties
ae_lstm,contator_ac,0.38,0.242359630419332,-0.9675840262617056,-1.2817669638098415,modified_KM_NIST_grouped_ties
ae_lstm,contator_ac,0.39,0.2690120824449185,-0.941608539858445,-1.160407861461991,modified_KM_NIST_grouped_ties
ae_lstm,contator_ac,0.4,0.29211087420042675,-0.916290731874155,-1.062855839742105,modified_KM_NIST_grouped_ties
ae_lstm,contator_ac,0.41000000000000003,0.3240938166311305,-0.8915981192837835,-0.9372564992045646,modified_KM_NIST_grouped_ties
ae_lstm,contator_ac,0.42,0.3614072494669516,-0.8675005677047231,-0.8018725713082815,modified_KM_NIST_grouped_ties
ae_lstm,contator_ac,0.43,0.38805970149253805,-0.843970070294529,-0.7110656565038219,modified_KM_NIST_grouped_ties
ae_lstm,contator_ac,0.44,0.4147121535181245,-0.8209805520698302,-0.6242715019459787,modified_KM_NIST_grouped_ties
ae_lstm,contator_ac,0.45,0.43781094527363285,-0.7985076962177716,-0.5517915707532643,modified_KM_NIST_grouped_ties
ae_lstm,contator_ac,0.46,0.4538024164889848,-0.7765287894989963,-0.502899627400703,modified_KM_NIST_grouped_ties
ae_lstm,contator_ac,0.47000000000000003,0.46979388770433655,-0.7550225842780327,-0.4549346083398533,modified_KM_NIST_grouped_ties
ae_lstm,contator_ac,0.48,0.47867803837953204,-0.7339691750802004,-0.428650637889096,modified_KM_NIST_grouped_ties
ae_lstm,contator_ac,0.49,0.48223169864961024,-0.7133498878774648,-0.41820476683095964,modified_KM_NIST_grouped_ties
ae_lstm,contator_ac,0.5,0.48578535891968844,-0.6931471805599453,-0.40779605609357283,modified_KM_NIST_grouped_ties
ae_lstm,contator_ac,0.51,0.4928926794598449,-0.6733445532637656,-0.3870861110494152,modified_KM_NIST_grouped_ties
ae_lstm,contator_ac,0.52,0.5017768301350403,-0.6539264674066639,-0.3613900855108605,modified_KM_NIST_grouped_ties
ae_lstm,contator_ac,0.53,0.5071073205401576,-0.6348782724359695,-0.34606879231385274,modified_KM_NIST_grouped_ties
ae_lstm,contator_ac,0.54,0.5124378109452749,-0.616186139423817,-0.3308158629636819,modified_KM_NIST_grouped_ties
ae_lstm,contator_ac,0.55,0.5195451314854311,-0.5978370007556204,-0.3105795897259743,modified_KM_NIST_grouped_ties
ae_lstm,contator_ac,0.56,0.5302061122956657,-0.579818495252942,-0.2804268324549983,modified_KM_NIST_grouped_ties
ae_lstm,contator_ac,0.5700000000000001,0.5390902629708612,-0.5621189181535411,-0.25546912133193445,modified_KM_NIST_grouped_ties
ae_lstm,contator_ac,0.58,0.5568585643212519,-0.5447271754416722,-0.20595918692108442,modified_KM_NIST_grouped_ties
ae_lstm,contator_ac,0.59,0.5835110163468383,-0.527632742082372,-0.13250875279905758,modified_KM_NIST_grouped_ties
ae_lstm,contator_ac,0.6,0.6012793176972292,-0.5108256237659907,-0.08393159538028863,modified_KM_NIST_grouped_ties
ae_lstm,contator_ac,0.61,0.6226012793176983,-0.4942963218147801,-0.025878954246174316,modified_KM_NIST_grouped_ties
ae_lstm,contator_ac,0.62,0.6528073916133628,-0.4780358009429998,0.056262732600374406,modified_KM_NIST_grouped_ties
ae_lstm,contator_ac,0.63,0.6776830135039099,-0.4620354595965587,0.12418011955584746,modified_KM_NIST_grouped_ties
ae_lstm,contator_ac,0.64,0.6936744847192617,-0.4462871026284195,0.16814400103593727,modified_KM_NIST_grouped_ties
ae_lstm,contator_ac,0.65,0.718550106609809,-0.4307829160924542,0.23728378205489026,modified_KM_NIST_grouped_ties
ae_lstm,contator_ac,0.66,0.7540867093105909,-0.4155154439616658,0.3384533315680035,modified_KM_NIST_grouped_ties
ae_lstm,contator_ac,0.67,0.7842928216062551,-0.40047756659712525,0.42777012248382196,modified_KM_NIST_grouped_ties
ae_lstm,contator_ac,0.68,0.8073916133617635,-0.3856624808119846,0.499013880717787,modified_KM_NIST_grouped_ties
ae_lstm,contator_ac,0.6900000000000001,0.8233830845771152,-0.3710636813908319,0.5502995038569586,modified_KM_NIST_grouped_ties
ae_lstm,contator_ac,0.7000000000000001,0.8393745557924669,-0.3566749439387323,0.6035944267381564,modified_KM_NIST_grouped_ties
ae_lstm,contator_ac,0.71,0.8535891968727796,-0.342490308946776,0.6530222806819254,modified_KM_NIST_grouped_ties
ae_lstm,contator_ac,0.72,0.864250177683014,-0.3285040669720361,0.69161682469641,modified_KM_NIST_grouped_ties
ae_lstm,contator_ac,0.73,0.8820184790334048,-0.31471074483970024,0.7595093201244476,modified_KM_NIST_grouped_ties
ae_lstm,contator_ac,0.74,0.9015636105188349,-0.3011050927839216,0.8408534532244706,modified_KM_NIST_grouped_ties
ae_lstm,contator_ac,0.75,0.9157782515991474,-0.2876820724517809,0.9059583750602004,modified_KM_NIST_grouped_ties
ae_lstm,contator_ac,0.76,0.9317697228144993,-0.2744368457017603,0.9876311422422991,modified_KM_NIST_grouped_ties
ae_lstm,contator_ac,0.77,0.9513148542999291,-0.2613647641344075,1.1060450345294135,modified_KM_NIST_grouped_ties
ae_lstm,contator_ac,0.78,0.9637526652452026,-0.2484613592984996,1.19917815566348,modified_KM_NIST_grouped_ties
ae_lstm,contator_ac,0.79,0.96908315565032,-0.23572233352106983,1.2460128430068123,modified_KM_NIST_grouped_ties
ae_lstm,contator_ac,0.8,0.9744136460554371,-0.2231435513142097,1.2990182541810016,modified_KM_NIST_grouped_ties
ae_lstm,contator_ac,0.8200000000000001,0.9832977967306326,-0.19845093872383818,1.4090862992954816,modified_KM_NIST_grouped_ties
ae_lstm,contator_ac,0.8300000000000001,0.992181947405828,-0.18632957819149337,1.5792507884088594,modified_KM_NIST_grouped_ties
ae_lstm,contator_ac,0.86,0.9975124378109453,-0.15082288973458366,1.7911679757667909,modified_KM_NIST_grouped_ties
ae_denso,igbt,0.02,0.009594882729211007,-3.912023005428146,-4.641708639609736,modified_KM_NIST_grouped_ties
ae_denso,igbt,0.13,0.022032693674484627,-2.0402208285265546,-3.804109014714898,modified_KM_NIST_grouped_ties
ae_denso,igbt,0.14,0.02914001421464102,-1.9661128563728327,-3.52089292179158,modified_KM_NIST_grouped_ties
ae_denso,igbt,0.15,0.0380241648898364,-1.8971199848858813,-3.2502130450119737,modified_KM_NIST_grouped_ties
ae_denso,igbt,0.16,0.055792466240227344,-1.8325814637483102,-2.857549108713861,modified_KM_NIST_grouped_ties
ae_denso,igbt,0.17,0.07889125799573549,-1.7719568419318752,-2.4988776285739562,modified_KM_NIST_grouped_ties
ae_denso,igbt,0.18,0.10376687988628272,-1.7147984280919266,-2.2113311180274593,modified_KM_NIST_grouped_ties
ae_denso,igbt,0.19,0.14285714285714263,-1.6607312068216509,-1.8698247144926052,modified_KM_NIST_grouped_ties
ae_denso,igbt,0.2,0.19438521677327636,-1.6094379124341003,-1.5317845778087646,modified_KM_NIST_grouped_ties
ae_denso,igbt,0.21,0.24413646055437108,-1.5606477482646683,-1.2733428095113715,modified_KM_NIST_grouped_ties
ae_denso,igbt,0.22,0.29566453447050495,-1.5141277326297755,-1.048393080969656,modified_KM_NIST_grouped_ties
ae_denso,igbt,0.23,0.3614072494669515,-1.4696759700589417,-0.8018725713082817,modified_KM_NIST_grouped_ties
ae_denso,igbt,0.24,0.42537313432835916,-1.4271163556401458,-0.5905285398330148,modified_KM_NIST_grouped_ties
ae_denso,igbt,0.25,0.46801705756929746,-1.3862943611198906,-0.46022146579178047,modified_KM_NIST_grouped_ties
ae_denso,igbt,0.26,0.5035536602700794,-1.3470736479666092,-0.35627519753743675,modified_KM_NIST_grouped_ties
ae_denso,igbt,0.27,0.5479744136460566,-1.3093333199837622,-0.23065104493530475,modified_KM_NIST_grouped_ties
ae_denso,igbt,0.28,0.5906183368869946,-1.2729656758128873,-0.11304844059050201,modified_KM_NIST_grouped_ties
ae_denso,igbt,0.29,0.617270788912581,-1.2378743560016174,-0.04037671813097259,modified_KM_NIST_grouped_ties
ae_denso,igbt,0.3,0.6421464108031283,-1.2039728043259361,0.02725648885939725,modified_KM_NIST_grouped_ties
ae_denso,igbt,0.31,0.6776830135039099,-1.171182981502945,0.12418011955584746,modified_KM_NIST_grouped_ties
ae_denso,igbt,0.32,0.7096659559346135,-1.1394342831883648,0.2124652549524167,modified_KM_NIST_grouped_ties
ae_denso,igbt,0.33,0.7363184079601999,-1.1086626245216111,0.2874417894663544,modified_KM_NIST_grouped_ties
ae_denso,igbt,0.34,0.7576403695806689,-1.0788096613719298,0.34877664017754345,modified_KM_NIST_grouped_ties
ae_denso,igbt,0.35000000000000003,0.7665245202558644,-1.0498221244986776,0.3747847209689757,modified_KM_NIST_grouped_ties
ae_denso,igbt,0.36,0.7754086709310597,-1.0216512475319814,0.4011041754002293,modified_KM_NIST_grouped_ties
ae_denso,igbt,0.37,0.7896233120113726,-0.9942522733438669,0.44395196409922083,modified_KM_NIST_grouped_ties
ae_denso,igbt,0.38,0.800284292821607,-0.9675840262617056,0.47676843860251683,modified_KM_NIST_grouped_ties
ae_denso,igbt,0.39,0.8144989339019197,-0.941608539858445,0.5215843306417565,modified_KM_NIST_grouped_ties
ae_denso,igbt,0.4,0.8393745557924668,-0.916290731874155,0.6035944267381561,modified_KM_NIST_grouped_ties
ae_denso,igbt,0.41000000000000003,0.8749111584932486,-0.8915981192837835,0.7317576412375568,modified_KM_NIST_grouped_ties
ae_denso,igbt,0.42,0.9068941009239521,-0.8675005677047231,0.8645837662157009,modified_KM_NIST_grouped_ties
ae_denso,igbt,0.43,0.9353233830845774,-0.843970070294529,1.0073575762139695,modified_KM_NIST_grouped_ties
ae_denso,igbt,0.44,0.9601990049751246,-0.8209805520698302,1.1705804435909966,modified_KM_NIST_grouped_ties
ae_denso,igbt,0.45,0.9744136460554372,-0.7985076962177716,1.2990182541810027,modified_KM_NIST_grouped_ties
ae_denso,igbt,0.46,0.9886282871357499,-0.7765287894989963,1.4988697124909234,modified_KM_NIST_grouped_ties
ae_denso,igbt,0.47000000000000003,0.9975124378109453,-0.7550225842780327,1.7911679757667909,modified_KM_NIST_grouped_ties
ae_lstm,igbt,0.02,0.014925373134328276,-3.912023005428146,-4.19718310309743,modified_KM_NIST_grouped_ties
ae_lstm,igbt,0.12,0.030916844349680117,-2.120263536200091,-3.460792785638753,modified_KM_NIST_grouped_ties
ae_lstm,igbt,0.18,0.0362473347547973,-1.7147984280919266,-3.2989859265155257,modified_KM_NIST_grouped_ties
ae_lstm,igbt,0.2,0.04690831556503189,-1.6094379124341003,-3.03563440309832,modified_KM_NIST_grouped_ties
ae_lstm,igbt,0.21,0.0628997867803837,-1.5606477482646683,-2.7339058256677977,modified_KM_NIST_grouped_ties
ae_lstm,igbt,0.22,0.08955223880597,-1.5141277326297755,-2.3663904939415903,modified_KM_NIST_grouped_ties
ae_lstm,igbt,0.23,0.11442786069651728,-1.4696759700589417,-2.1076652475592903,modified_KM_NIST_grouped_ties
ae_lstm,igbt,0.24,0.14996446339729896,-1.4271163556401458,-1.8172180710998824,modified_KM_NIST_grouped_ties
ae_lstm,igbt,0.25,0.22459132906894105,-1.3862943611198906,-1.3689847553649521,modified_KM_NIST_grouped_ties
ae_lstm,igbt,0.26,0.3365316275764042,-1.3470736479666092,-0.8909298203705922,modified_KM_NIST_grouped_ties
ae_lstm,igbt,0.27,0.4342572850035546,-1.3093333199837622,-0.5627930553856102,modified_KM_NIST_grouped_ties
ae_lstm,igbt,0.28,0.47690120824449295,-1.2729656758128873,-0.43388782613222043,modified_KM_NIST_grouped_ties
ae_lstm,igbt,0.29,0.496446339729923,-1.2378743560016174,-0.3767829064973659,modified_KM_NIST_grouped_ties
ae_lstm,igbt,0.3,0.5124378109452749,-1.2039728043259361,-0.3308158629636819,modified_KM_NIST_grouped_ties
ae_lstm,igbt,0.31,0.535536602700783,-1.171182981502945,-0.2654346921446803,modified_KM_NIST_grouped_ties
ae_lstm,igbt,0.32,0.5746268656716429,-1.1394342831883648,-0.1569011714947517,modified_KM_NIST_grouped_ties
ae_lstm,igbt,0.33,0.6297085998578544,-1.1086626245216111,-0.006556431137176776,modified_KM_NIST_grouped_ties
ae_lstm,igbt,0.34,0.6918976545842227,-1.0788096613719298,0.16324343873728647,modified_KM_NIST_grouped_ties
ae_lstm,igbt,0.35000000000000003,0.7558635394456299,-1.0498221244986776,0.34360952366316927,modified_KM_NIST_grouped_ties
ae_lstm,igbt,0.36,0.8144989339019197,-1.0216512475319814,0.5215843306417565,modified_KM_NIST_grouped_ties
ae_lstm,igbt,0.37,0.8660270078180532,-0.9942522733438669,0.6981929543189009,modified_KM_NIST_grouped_ties
ae_lstm,igbt,0.38,0.905117270788913,-0.9675840262617056,0.8565889552965215,modified_KM_NIST_grouped_ties
ae_lstm,igbt,0.39,0.926439232409382,-0.941608539858445,0.9592136006648637,modified_KM_NIST_grouped_ties
ae_lstm,igbt,0.4,0.9424307036247337,-0.916290731874155,1.0489898441040995,modified_KM_NIST_grouped_ties
ae_lstm,igbt,0.41000000000000003,0.9619758351101636,-0.8915981192837835,1.1846472845788507,modified_KM_NIST_grouped_ties
ae_lstm,igbt,0.42,0.9815209665955935,-0.8675005677047231,1.384071522216218,modified_KM_NIST_grouped_ties
ae_lstm,igbt,0.43,0.990405117270789,-0.843970070294529,1.536119708383435,modified_KM_NIST_grouped_ties
ae_lstm,igbt,0.44,0.9939587775408671,-0.8209805520698302,1.631032833321559,modified_KM_NIST_grouped_ties
ae_lstm,igbt,0.45,0.9975124378109453,-0.7985076962177716,1.7911679757667909,modified_KM_NIST_grouped_ties
ae_denso,fusivel_ac,0.02,0.009594882729211007,-3.912023005428146,-4.641708639609736,modified_KM_NIST_grouped_ties
ae_denso,fusivel_ac,0.18,0.02025586353944553,-1.7147984280919266,-3.8890965051286788,modified_KM_NIST_grouped_ties
ae_denso,fusivel_ac,0.21,0.023809523809523725,-1.5606477482646683,-3.725645037876429,modified_KM_NIST_grouped_ties
ae_denso,fusivel_ac,0.25,0.02736318407960192,-1.3862943611198906,-3.5847166245843014,modified_KM_NIST_grouped_ties
ae_denso,fusivel_ac,0.29,0.030916844349680117,-1.2378743560016174,-3.460792785638753,modified_KM_NIST_grouped_ties
ae_denso,fusivel_ac,0.3,0.0362473347547973,-1.2039728043259361,-3.2989859265155257,modified_KM_NIST_grouped_ties
ae_denso,fusivel_ac,0.31,0.041577825159914594,-1.171182981502945,-3.1590299877645958,modified_KM_NIST_grouped_ties
ae_denso,fusivel_ac,0.32,0.050461975835110084,-1.1394342831883648,-2.960757040136801,modified_KM_NIST_grouped_ties
ae_denso,fusivel_ac,0.33,0.0628997867803837,-1.1086626245216111,-2.7339058256677977,modified_KM_NIST_grouped_ties
ae_denso,fusivel_ac,0.34,0.07533759772565732,-1.0788096613719298,-2.546868287838412,modified_KM_NIST_grouped_ties
ae_denso,fusivel_ac,0.35000000000000003,0.08777540867093092,-1.0498221244986776,-2.38739101139788,modified_KM_NIST_grouped_ties
ae_denso,fusivel_ac,0.36,0.1055437100213218,-1.0216512475319814,-2.193378798979611,modified_KM_NIST_grouped_ties
ae_denso,fusivel_ac,0.37,0.12864250177682993,-0.9942522733438669,-1.9826565182233178,modified_KM_NIST_grouped_ties
ae_denso,fusivel_ac,0.38,0.16240227434257262,-0.9675840262617056,-1.7303784197594316,modified_KM_NIST_grouped_ties
ae_denso,fusivel_ac,0.39,0.21570717839374554,-0.941608539858445,-1.4148056467580707,modified_KM_NIST_grouped_ties
ae_denso,fusivel_ac,0.4,0.2672352523098794,-0.916290731874155,-1.1681856293529758,modified_KM_NIST_grouped_ties
ae_denso,fusivel_ac,0.41000000000000003,0.3134328358208959,-0.8915981192837835,-0.9780299137488601,modified_KM_NIST_grouped_ties
ae_denso,fusivel_ac,0.42,0.35074626865671693,-0.8675005677047231,-0.8394878483916769,modified_KM_NIST_grouped_ties
ae_denso,fusivel_ac,0.43,0.38095238095238165,-0.843970070294529,-0.7348589869664706,modified_KM_NIST_grouped_ties
ae_denso,fusivel_ac,0.44,0.4147121535181245,-0.8209805520698302,-0.6242715019459787,modified_KM_NIST_grouped_ties
ae_denso,fusivel_ac,0.45,0.4431414356787501,-0.7985076962177716,-0.5353847532635048,modified_KM_NIST_grouped_ties
ae_denso,fusivel_ac,0.46,0.46801705756929746,-0.7765287894989963,-0.46022146579178047,modified_KM_NIST_grouped_ties
ae_denso,fusivel_ac,0.48,0.4893390191897666,-0.7339691750802004,-0.3974235012815874,modified_KM_NIST_grouped_ties
ae_denso,fusivel_ac,0.49,0.5035536602700793,-0.7133498878774648,-0.356275197537437,modified_KM_NIST_grouped_ties
ae_denso,fusivel_ac,0.52,0.5106609808102358,-0.6539264674066639,-0.33589277002046247,modified_KM_NIST_grouped_ties
ae_denso,fusivel_ac,0.53,0.515991471215353,-0.6348782724359695,-0.32068368303749434,modified_KM_NIST_grouped_ties
ae_denso,fusivel_ac,0.54,0.5284292821606267,-0.616186139423817,-0.2854363249087094,modified_KM_NIST_grouped_ties
ae_denso,fusivel_ac,0.56,0.5390902629708612,-0.579818495252942,-0.25546912133193445,modified_KM_NIST_grouped_ties
ae_denso,fusivel_ac,0.5700000000000001,0.5461975835110174,-0.5621189181535411,-0.23560413589681412,modified_KM_NIST_grouped_ties
ae_denso,fusivel_ac,0.58,0.5621890547263693,-0.5447271754416722,-0.1911991338332882,modified_KM_NIST_grouped_ties
ae_denso,fusivel_ac,0.59,0.5799573560767601,-0.527632742082372,-0.14225615467360592,modified_KM_NIST_grouped_ties
ae_denso,fusivel_ac,0.6,0.6048329779673074,-0.5108256237659907,-0.07424223654421787,modified_KM_NIST_grouped_ties
ae_denso,fusivel_ac,0.61,0.6421464108031282,-0.4942963218147801,0.027256488859397035,modified_KM_NIST_grouped_ties
ae_denso,fusivel_ac,0.62,0.6812366737739881,-0.4780358009429998,0.13392439405294215,modified_KM_NIST_grouped_ties
ae_denso,fusivel_ac,0.63,0.720326936744848,-0.4620354595965587,0.24226672372097807,modified_KM_NIST_grouped_ties
ae_denso,fusivel_ac,0.64,0.7469793887704345,-0.4462871026284195,0.3179331056255897,modified_KM_NIST_grouped_ties
ae_denso,fusivel_ac,0.65,0.7629708599857862,-0.4307829160924542,0.36434598039176447,modified_KM_NIST_grouped_ties
ae_denso,fusivel_ac,0.66,0.7860696517412944,-0.4155154439616658,0.43314823156454924,modified_KM_NIST_grouped_ties
ae_denso,fusivel_ac,0.67,0.8109452736318415,-0.40047756659712525,0.5102567109654045,modified_KM_NIST_grouped_ties
ae_denso,fusivel_ac,0.68,0.8251599147121542,-0.3856624808119846,0.5561145349432931,modified_KM_NIST_grouped_ties
ae_denso,fusivel_ac,0.6900000000000001,0.8393745557924669,-0.3710636813908319,0.6035944267381564,modified_KM_NIST_grouped_ties
ae_denso,fusivel_ac,0.7000000000000001,0.864250177683014,-0.3566749439387323,0.69161682469641,modified_KM_NIST_grouped_ties
ae_denso,fusivel_ac,0.71,0.883795309168444,-0.342490308946776,0.7665844588524607,modified_KM_NIST_grouped_ties
ae_denso,fusivel_ac,0.72,0.9051172707889129,-0.3285040669720361,0.856588955296521,modified_KM_NIST_grouped_ties
ae_denso,fusivel_ac,0.73,0.9335465529495384,-0.31471074483970024,0.9974111186379089,modified_KM_NIST_grouped_ties
ae_denso,fusivel_ac,0.74,0.9495380241648901,-0.3011050927839216,1.0941139128205182,modified_KM_NIST_grouped_ties
ae_denso,fusivel_ac,0.75,0.9566453447050465,-0.2876820724517809,1.1436943778269568,modified_KM_NIST_grouped_ties
ae_denso,fusivel_ac,0.77,0.9690831556503199,-0.2613647641344075,1.2460128430068114,modified_KM_NIST_grouped_ties
ae_denso,fusivel_ac,0.78,0.9815209665955935,-0.2484613592984996,1.384071522216218,modified_KM_NIST_grouped_ties
ae_denso,fusivel_ac,0.79,0.9868514570007108,-0.23572233352106983,1.465901048757454,modified_KM_NIST_grouped_ties
ae_denso,fusivel_ac,0.85,0.990405117270789,-0.16251892949777494,1.536119708383435,modified_KM_NIST_grouped_ties
ae_denso,fusivel_ac,0.87,0.9939587775408671,-0.13926206733350766,1.631032833321559,modified_KM_NIST_grouped_ties
ae_denso,fusivel_ac,0.88,0.9975124378109453,-0.12783337150988489,1.7911679757667909,modified_KM_NIST_grouped_ties
ae_lstm,fusivel_ac,0.02,0.014925373134328276,-3.912023005428146,-4.19718310309743,modified_KM_NIST_grouped_ties
ae_lstm,fusivel_ac,0.29,0.030916844349680117,-1.2378743560016174,-3.460792785638753,modified_KM_NIST_grouped_ties
ae_lstm,fusivel_ac,0.36,0.0344705046197582,-1.0216512475319814,-3.350163215777881,modified_KM_NIST_grouped_ties
ae_lstm,fusivel_ac,0.44,0.041577825159914594,-0.8209805520698302,-3.1590299877645958,modified_KM_NIST_grouped_ties
ae_lstm,fusivel_ac,0.46,0.048685145700070986,-0.7765287894989963,-2.997530005426403,modified_KM_NIST_grouped_ties
ae_lstm,fusivel_ac,0.47000000000000003,0.05401563610518828,-0.7550225842780327,-2.8908455731819083,modified_KM_NIST_grouped_ties
ae_lstm,fusivel_ac,0.49,0.059346126510305575,-0.7133498878774648,-2.793934360867049,modified_KM_NIST_grouped_ties
ae_lstm,fusivel_ac,0.51,0.06289978678038366,-0.6733445532637656,-2.733905825667798,modified_KM_NIST_grouped_ties
ae_lstm,fusivel_ac,0.53,0.06823027718550095,-0.6348782724359695,-2.6497401615030727,modified_KM_NIST_grouped_ties
ae_lstm,fusivel_ac,0.55,0.0771144278606964,-0.5978370007556204,-2.522608192840154,modified_KM_NIST_grouped_ties
ae_lstm,fusivel_ac,0.56,0.08599857853589182,-0.579818495252942,-2.4087998365470513,modified_KM_NIST_grouped_ties
ae_lstm,fusivel_ac,0.5700000000000001,0.09310589907604822,-0.5621189181535411,-2.325550867029764,modified_KM_NIST_grouped_ties
ae_lstm,fusivel_ac,0.58,0.1002132196162045,-0.5447271754416722,-2.2481210139639067,modified_KM_NIST_grouped_ties
ae_lstm,fusivel_ac,0.59,0.11265103056147818,-0.527632742082372,-2.124297098464617,modified_KM_NIST_grouped_ties
ae_lstm,fusivel_ac,0.6,0.1286425017768299,-0.5108256237659907,-1.982656518223318,modified_KM_NIST_grouped_ties
ae_lstm,fusivel_ac,0.61,0.15174129353233803,-0.4942963218147801,-1.8044216290747606,modified_KM_NIST_grouped_ties
ae_lstm,fusivel_ac,0.62,0.18017057569296355,-0.4780358009429998,-1.6161655951225455,modified_KM_NIST_grouped_ties
ae_lstm,fusivel_ac,0.63,0.20859985785358914,-0.4620354595965587,-1.4526411490745028,modified_KM_NIST_grouped_ties
ae_lstm,fusivel_ac,0.64,0.2405828002842929,-0.4462871026284195,-1.290242702260255,modified_KM_NIST_grouped_ties
ae_lstm,fusivel_ac,0.65,0.27611940298507487,-0.4307829160924542,-1.1297042072593064,modified_KM_NIST_grouped_ties
ae_lstm,fusivel_ac,0.66,0.3169864960909741,-0.4155154439616658,-0.9643244808194736,modified_KM_NIST_grouped_ties
ae_lstm,fusivel_ac,0.67,0.35074626865671693,-0.40047756659712525,-0.8394878483916769,modified_KM_NIST_grouped_ties
ae_lstm,fusivel_ac,0.68,0.37384506041222526,-0.3856624808119846,-0.7589506482249612,modified_KM_NIST_grouped_ties
ae_lstm,fusivel_ac,0.6900000000000001,0.4040511727078899,-0.3710636813908319,-0.6585516164544336,modified_KM_NIST_grouped_ties
ae_lstm,fusivel_ac,0.7000000000000001,0.4378109452736328,-0.3566749439387323,-0.5517915707532646,modified_KM_NIST_grouped_ties
ae_lstm,fusivel_ac,0.71,0.46268656716418016,-0.342490308946776,-0.47614455670744754,modified_KM_NIST_grouped_ties
ae_lstm,fusivel_ac,0.72,0.4786780383795321,-0.3285040669720361,-0.42865063788909585,modified_KM_NIST_grouped_ties
ae_lstm,fusivel_ac,0.73,0.48578535891968844,-0.31471074483970024,-0.40779605609357283,modified_KM_NIST_grouped_ties
ae_lstm,fusivel_ac,0.74,0.48933901918976663,-0.3011050927839216,-0.3974235012815872,modified_KM_NIST_grouped_ties
ae_lstm,fusivel_ac,0.75,0.49289267945984483,-0.2876820724517809,-0.38708611104941537,modified_KM_NIST_grouped_ties
ae_lstm,fusivel_ac,0.78,0.496446339729923,-0.2484613592984996,-0.3767829064973659,modified_KM_NIST_grouped_ties
ae_lstm,fusivel_ac,0.87,0.5000000000000012,-0.13926206733350766,-0.36651292058166085,modified_KM_NIST_grouped_ties
ae_lstm,fusivel_ac,0.89,0.5035536602700794,-0.11653381625595151,-0.35627519753743675,modified_KM_NIST_grouped_ties
ae_lstm,fusivel_ac,0.91,0.5106609808102357,-0.09431067947124129,-0.3358927700204628,modified_KM_NIST_grouped_ties
ae_lstm,fusivel_ac,0.92,0.5248756218905485,-0.08338160893905101,-0.29547413779893344,modified_KM_NIST_grouped_ties
ae_lstm,fusivel_ac,0.93,0.5444207533759784,-0.07257069283483537,-0.24056238186584922,modified_KM_NIST_grouped_ties
ae_lstm,fusivel_ac,0.9400000000000001,0.5621890547263693,-0.06187540371808741,-0.1911991338332882,modified_KM_NIST_grouped_ties
ae_lstm,fusivel_ac,0.9500000000000001,0.5817341862117991,-0.05129329438755046,-0.13738092926180195,modified_KM_NIST_grouped_ties
ae_lstm,fusivel_ac,0.96,0.6066098081023465,-0.040821994520255166,-0.06940012765552356,modified_KM_NIST_grouped_ties
ae_lstm,fusivel_ac,0.97,0.6314854299928936,-0.030459207484708574,-0.0017264600300118877,modified_KM_NIST_grouped_ties
ae_lstm,fusivel_ac,0.98,0.6545842217484018,-0.020202707317519466,0.061101151283076485,modified_KM_NIST_grouped_ties
ae_lstm,fusivel_ac,0.99,0.6723525230987927,-0.01005033585350145,0.10958688467093448,modified_KM_NIST_grouped_ties
ae_lstm,fusivel_ac,1.0,0.6883439943141444,0.0,0.15345493382540462,modified_KM_NIST_grouped_ties
