model,model_name,seed,is_reference,experiment,fault,fault_type,mode,mode_name,n_commissioning,n_pre_fault_test,n_post_fault_test,fault_boundary_method,score_threshold,score_top_k,threshold_requested_percentile,threshold_effective_percentile,auc_pr,auc_roc,sensitivity,sensitivity_ci95_low,sensitivity_ci95_high,specificity,specificity_ci95_low,specificity_ci95_high,balanced_accuracy,mcc,f1,precision,precision_defined,recall,false_positive_rate,tn,fp,fn,tp
ae_denso,Autoencoder Denso,13,False,F1L,1,Falha completa de um IGBT,L,IPPT (potência limitada),161,161,322,nominal_mid_record,3.5103249549865723,5,99.0,99.04761904761905,0.937761637464458,0.857162146522125,0.6770186335403726,0.6241156940756879,0.7257477039479888,0.9751552795031055,0.9378676444810962,0.9902969149361153,0.826086956521739,0.6168897525164957,0.8014705882352942,0.9819819819819819,True,0.6770186335403726,0.024844720496894408,157,4,104,218
ae_denso,Autoencoder Denso,29,False,F1L,1,Falha completa de um IGBT,L,IPPT (potência limitada),161,161,322,nominal_mid_record,3.3771872520446777,5,99.0,99.04761904761905,0.9341099899375849,0.8487712665406426,0.6708074534161491,0.6177306863996089,0.7198568029214828,0.9751552795031055,0.9378676444810962,0.9902969149361153,0.8229813664596273,0.6114474279428438,0.7970479704797048,0.9818181818181818,True,0.6708074534161491,0.024844720496894408,157,4,106,216
ae_denso,Autoencoder Denso,42,True,F1L,1,Falha completa de um IGBT,L,IPPT (potência limitada),161,161,322,nominal_mid_record,3.461894989013672,5,99.0,99.04761904761905,0.9351632497885493,0.851240307086918,0.6677018633540373,0.6145419226317103,0.7169076123380888,0.9751552795031055,0.9378676444810962,0.9902969149361153,0.8214285714285714,0.6087392806700049,0.7948243992606284,0.9817351598173516,True,0.6677018633540373,0.024844720496894408,157,4,107,215
ae_denso,Autoencoder Denso,71,False,F1L,1,Falha completa de um IGBT,L,IPPT (potência limitada),161,161,322,nominal_mid_record,3.792628526687622,5,99.0,99.04761904761905,0.9371003408382332,0.857760117279426,0.6677018633540373,0.6145419226317103,0.7169076123380888,0.9813664596273292,0.9466544229682271,0.9936430065067258,0.8245341614906831,0.6148654702269517,0.7962962962962963,0.9862385321100917,True,0.6677018633540373,0.018633540372670808,158,3,107,215
ae_denso,Autoencoder Denso,101,False,F1L,1,Falha completa de um IGBT,L,IPPT (potência limitada),161,161,322,nominal_mid_record,3.144629955291748,5,99.0,99.04761904761905,0.9363849755411073,0.8546738165965819,0.6677018633540373,0.6145419226317103,0.7169076123380888,0.9751552795031055,0.9378676444810962,0.9902969149361153,0.8214285714285714,0.6087392806700049,0.7948243992606284,0.9817351598173516,True,0.6677018633540373,0.024844720496894408,157,4,107,215
ae_lstm,AE-LSTM,13,False,F1L,1,Falha completa de um IGBT,L,IPPT (potência limitada),161,161,322,nominal_mid_record,23.392887115478516,5,99.0,99.04761904761905,0.9333260582274707,0.8505844681918135,0.6708074534161491,0.6177306863996089,0.7198568029214828,0.9627329192546584,0.9210886045972584,0.9828102147044706,0.8167701863354038,0.5992643310160244,0.7941176470588235,0.972972972972973,True,0.6708074534161491,0.037267080745341616,155,6,106,216
ae_lstm,AE-LSTM,29,False,F1L,1,Falha completa de um IGBT,L,IPPT (potência limitada),161,161,322,nominal_mid_record,16.942502975463867,5,99.0,99.04761904761905,0.9330984973910932,0.852011882257629,0.7080745341614907,0.6561954163265561,0.7550475252100465,0.7888198757763976,0.7194206794356456,0.8447577782493262,0.7484472049689441,0.47017355913607434,0.7808219178082192,0.8702290076335878,True,0.7080745341614907,0.2111801242236025,127,34,94,228
ae_lstm,AE-LSTM,42,True,F1L,1,Falha completa de um IGBT,L,IPPT (potência limitada),161,161,322,nominal_mid_record,17.381608963012695,5,99.0,99.04761904761905,0.9298874858973848,0.842656533312758,0.6863354037267081,0.6337121835685221,0.7345650775090325,0.8571428571428571,0.7947569409876509,0.9028830873324754,0.7717391304347826,0.5124236754718031,0.7809187279151943,0.9057377049180327,True,0.6863354037267081,0.14285714285714285,138,23,101,221
ae_lstm,AE-LSTM,71,False,F1L,1,Falha completa de um IGBT,L,IPPT (potência limitada),161,161,322,nominal_mid_record,20.02474594116211,5,99.0,99.04761904761905,0.9315037525119559,0.8466687242004554,0.6987577639751553,0.646543766698249,0.7462853117844759,0.8198757763975155,0.7532852509705031,0.8715575570031752,0.7593167701863355,0.48962870835865346,0.78125,0.8858267716535433,True,0.6987577639751553,0.18012422360248448,132,29,97,225
ae_lstm,AE-LSTM,101,False,F1L,1,Falha completa de um IGBT,L,IPPT (potência limitada),161,161,322,nominal_mid_record,20.34963035583496,5,99.0,99.04761904761905,0.9316437383509689,0.8461479109602253,0.6770186335403726,0.6241156940756879,0.7257477039479888,0.8881987577639752,0.8302036055575723,0.9281007730512607,0.7826086956521738,0.5330303183213663,0.7813620071684588,0.923728813559322,True,0.6770186335403726,0.11180124223602485,143,18,104,218
ae_denso,Autoencoder Denso,13,False,F1M,1,Falha completa de um IGBT,M,MPPT (potência máxima),173,174,347,nominal_mid_record,3.5103249549865723,5,99.0,99.04761904761905,0.9625125289458833,0.909917519626354,0.7838616714697406,0.7375712596662795,0.8239359255511937,1.0,0.9783995315481122,1.0,0.8919308357348703,0.7401072613996199,0.8788368336025848,1.0,True,0.7838616714697406,0.0,174,0,75,272
ae_denso,Autoencoder Denso,29,False,F1M,1,Falha completa de um IGBT,M,MPPT (potência máxima),173,174,347,nominal_mid_record,3.3771872520446777,5,99.0,99.04761904761905,0.9608705161751727,0.9069197389777733,0.7838616714697406,0.7375712596662795,0.8239359255511937,1.0,0.9783995315481122,1.0,0.8919308357348703,0.7401072613996199,0.8788368336025848,1.0,True,0.7838616714697406,0.0,174,0,75,272
ae_denso,Autoencoder Denso,42,True,F1M,1,Falha completa de um IGBT,M,MPPT (potência máxima),173,174,347,nominal_mid_record,3.461894989013672,5,99.0,99.04761904761905,0.9617956563447204,0.9087747192686076,0.7838616714697406,0.7375712596662795,0.8239359255511937,1.0,0.9783995315481122,1.0,0.8919308357348703,0.7401072613996199,0.8788368336025848,1.0,True,0.7838616714697406,0.0,174,0,75,272
ae_denso,Autoencoder Denso,71,False,F1M,1,Falha completa de um IGBT,M,MPPT (potência máxima),173,174,347,nominal_mid_record,3.792628526687622,5,99.0,99.04761904761905,0.9628459320874172,0.9111265692802014,0.7838616714697406,0.7375712596662795,0.8239359255511937,1.0,0.9783995315481122,1.0,0.8919308357348703,0.7401072613996199,0.8788368336025848,1.0,True,0.7838616714697406,0.0,174,0,75,272
ae_denso,Autoencoder Denso,101,False,F1M,1,Falha completa de um IGBT,M,MPPT (potência máxima),173,174,347,nominal_mid_record,3.144629955291748,5,99.0,99.04761904761905,0.9617227349853517,0.9089237801848356,0.7838616714697406,0.7375712596662795,0.8239359255511937,1.0,0.9783995315481122,1.0,0.8919308357348703,0.7401072613996199,0.8788368336025848,1.0,True,0.7838616714697406,0.0,174,0,75,272
ae_lstm,AE-LSTM,13,False,F1M,1,Falha completa de um IGBT,M,MPPT (potência máxima),173,174,347,nominal_mid_record,23.392887115478516,5,99.0,99.04761904761905,0.9603003123968354,0.9043525787538508,0.7838616714697406,0.7375712596662795,0.8239359255511937,1.0,0.9783995315481122,1.0,0.8919308357348703,0.7401072613996199,0.8788368336025848,1.0,True,0.7838616714697406,0.0,174,0,75,272
ae_lstm,AE-LSTM,29,False,F1M,1,Falha completa de um IGBT,M,MPPT (potência máxima),173,174,347,nominal_mid_record,16.942502975463867,5,99.0,99.04761904761905,0.9600243067936363,0.9051972572791415,0.7838616714697406,0.7375712596662795,0.8239359255511937,1.0,0.9783995315481122,1.0,0.8919308357348703,0.7401072613996199,0.8788368336025848,1.0,True,0.7838616714697406,0.0,174,0,75,272
ae_lstm,AE-LSTM,42,True,F1M,1,Falha completa de um IGBT,M,MPPT (potência máxima),173,174,347,nominal_mid_record,17.381608963012695,5,99.0,99.04761904761905,0.9598965659361098,0.9052138196031667,0.7838616714697406,0.7375712596662795,0.8239359255511937,1.0,0.9783995315481122,1.0,0.8919308357348703,0.7401072613996199,0.8788368336025848,1.0,True,0.7838616714697406,0.0,174,0,75,272
ae_lstm,AE-LSTM,71,False,F1M,1,Falha completa de um IGBT,M,MPPT (potência máxima),173,174,347,nominal_mid_record,20.02474594116211,5,99.0,99.04761904761905,0.9618546153037639,0.9095200238497466,0.7838616714697406,0.7375712596662795,0.8239359255511937,1.0,0.9783995315481122,1.0,0.8919308357348703,0.7401072613996199,0.8788368336025848,1.0,True,0.7838616714697406,0.0,174,0,75,272
ae_lstm,AE-LSTM,101,False,F1M,1,Falha completa de um IGBT,M,MPPT (potência máxima),173,174,347,nominal_mid_record,20.34963035583496,5,99.0,99.04761904761905,0.9628801065293643,0.9109112590678724,0.7838616714697406,0.7375712596662795,0.8239359255511937,1.0,0.9783995315481122,1.0,0.8919308357348703,0.7401072613996199,0.8788368336025848,1.0,True,0.7838616714697406,0.0,174,0,75,272
ae_denso,Autoencoder Denso,13,False,F2L,2,Erro de 20% no sistema de sensor/realimentação,L,IPPT (potência limitada),177,178,354,nominal_mid_record,3.5103249549865723,5,99.0,99.04761904761905,0.9554933683190376,0.8972576652066273,0.7937853107344632,0.7485937219878215,0.8326692783517334,0.8539325842696629,0.7945817396944924,0.8983295513672619,0.823858947502063,0.6186386952040269,0.8502269288956127,0.9153094462540716,True,0.7937853107344632,0.14606741573033707,152,26,73,281
ae_denso,Autoencoder Denso,29,False,F2L,2,Erro de 20% no sistema de sensor/realimentação,L,IPPT (potência limitada),177,178,354,nominal_mid_record,3.3771872520446777,5,99.0,99.04761904761905,0.9559328638952541,0.8984796546689519,0.8022598870056498,0.7576202763965628,0.840409925875864,0.7921348314606742,0.726663108241346,0.8452636716826418,0.797197359233162,0.5733143735979118,0.8414814814814815,0.8847352024922118,True,0.8022598870056498,0.20786516853932585,141,37,70,284
ae_denso,Autoencoder Denso,42,True,F2L,2,Erro de 20% no sistema de sensor/realimentação,L,IPPT (potência limitada),177,178,354,nominal_mid_record,3.461894989013672,5,99.0,99.04761904761905,0.9555767839553888,0.8977655049831779,0.788135593220339,0.742591407718413,0.8274934579992275,0.8258426966292135,0.7634095080304433,0.8745088234232352,0.8069891449247762,0.5874992450569202,0.8403614457831325,0.9,True,0.788135593220339,0.17415730337078653,147,31,75,279
ae_denso,Autoencoder Denso,71,False,F2L,2,Erro de 20% no sistema de sensor/realimentação,L,IPPT (potência limitada),177,178,354,nominal_mid_record,3.792628526687622,5,99.0,99.04761904761905,0.9561754664448152,0.8990192344315369,0.7853107344632768,0.7395947320006753,0.8249010664060079,0.8370786516853933,0.7758122544632188,0.8841032608336902,0.811194693074335,0.5944473060349764,0.8411497730711044,0.9055374592833876,True,0.7853107344632768,0.16292134831460675,149,29,76,278
ae_denso,Autoencoder Denso,101,False,F2L,2,Erro de 20% no sistema de sensor/realimentação,L,IPPT (potência limitada),177,178,354,nominal_mid_record,3.144629955291748,5,99.0,99.04761904761905,0.956041680257818,0.8987653145432616,0.8107344632768362,0.7666757008052032,0.8481217034000954,0.7696629213483146,0.702504108549779,0.8254283036877481,0.7901986923125754,0.5632290847343623,0.841642228739003,0.875,True,0.8107344632768362,0.2303370786516854,137,41,67,287
ae_lstm,AE-LSTM,13,False,F2L,2,Erro de 20% no sistema de sensor/realimentação,L,IPPT (potência limitada),177,178,354,nominal_mid_record,23.392887115478516,5,99.0,99.04761904761905,0.9516585915240786,0.883482511267695,0.751412429378531,0.7038524858623848,0.7935745048128112,1.0,0.978874681023748,0.9999999999999999,0.8757062146892656,0.7091014446163978,0.8580645161290322,1.0,True,0.751412429378531,0.0,178,0,88,266
ae_lstm,AE-LSTM,29,False,F2L,2,Erro de 20% no sistema de sensor/realimentação,L,IPPT (potência limitada),177,178,354,nominal_mid_record,16.942502975463867,5,99.0,99.04761904761905,0.9488683742263553,0.8747857550942678,0.7598870056497176,0.7127519286032065,0.8014422640048615,0.9943820224719101,0.9688684894244082,0.9990075996777248,0.8771345140608138,0.711877685000803,0.8621794871794872,0.9962962962962963,True,0.7598870056497176,0.0056179775280898875,177,1,85,269
ae_lstm,AE-LSTM,42,True,F2L,2,Erro de 20% no sistema de sensor/realimentação,L,IPPT (potência limitada),177,178,354,nominal_mid_record,17.381608963012695,5,99.0,99.04761904761905,0.9538687140371825,0.8908461880276772,0.751412429378531,0.7038524858623848,0.7935745048128112,1.0,0.978874681023748,0.9999999999999999,0.8757062146892656,0.7091014446163978,0.8580645161290322,1.0,True,0.751412429378531,0.0,178,0,88,266
ae_lstm,AE-LSTM,71,False,F2L,2,Erro de 20% no sistema de sensor/realimentação,L,IPPT (potência limitada),177,178,354,nominal_mid_record,20.02474594116211,5,99.0,99.04761904761905,0.9516713225061109,0.8822129118263188,0.751412429378531,0.7038524858623848,0.7935745048128112,1.0,0.978874681023748,0.9999999999999999,0.8757062146892656,0.7091014446163978,0.8580645161290322,1.0,True,0.751412429378531,0.0,178,0,88,266
ae_lstm,AE-LSTM,101,False,F2L,2,Erro de 20% no sistema de sensor/realimentação,L,IPPT (potência limitada),177,178,354,nominal_mid_record,20.34963035583496,5,99.0,99.04761904761905,0.9519908111694584,0.8859582301783787,0.751412429378531,0.7038524858623848,0.7935745048128112,1.0,0.978874681023748,0.9999999999999999,0.8757062146892656,0.7091014446163978,0.8580645161290322,1.0,True,0.751412429378531,0.0,178,0,88,266
ae_denso,Autoencoder Denso,13,False,F2M,2,Erro de 20% no sistema de sensor/realimentação,M,MPPT (potência máxima),180,180,359,nominal_mid_record,3.5103249549865723,5,99.0,99.04761904761905,0.9615515032655165,0.9073506654286599,0.7966573816155988,0.7519844173014559,0.8350488304764901,0.9944444444444445,0.9692069292336208,0.9990186339327839,0.8955509130300217,0.7477813768634957,0.8854489164086687,0.9965156794425087,True,0.7966573816155988,0.005555555555555556,179,1,73,286
ae_denso,Autoencoder Denso,29,False,F2M,2,Erro de 20% no sistema de sensor/realimentação,M,MPPT (potência máxima),180,180,359,nominal_mid_record,3.3771872520446777,5,99.0,99.04761904761905,0.9587224505390957,0.8988548437016404,0.7966573816155988,0.7519844173014559,0.8350488304764901,0.9944444444444445,0.9692069292336208,0.9990186339327839,0.8955509130300217,0.7477813768634957,0.8854489164086687,0.9965156794425087,True,0.7966573816155988,0.005555555555555556,179,1,73,286
ae_denso,Autoencoder Denso,42,True,F2M,2,Erro de 20% no sistema de sensor/realimentação,M,MPPT (potência máxima),180,180,359,nominal_mid_record,3.461894989013672,5,99.0,99.04761904761905,0.9609319481724661,0.905385329619313,0.7966573816155988,0.7519844173014559,0.8350488304764901,0.9944444444444445,0.9692069292336208,0.9990186339327839,0.8955509130300217,0.7477813768634957,0.8854489164086687,0.9965156794425087,True,0.7966573816155988,0.005555555555555556,179,1,73,286
ae_denso,Autoencoder Denso,71,False,F2M,2,Erro de 20% no sistema de sensor/realimentação,M,MPPT (potência máxima),180,180,359,nominal_mid_record,3.792628526687622,5,99.0,99.04761904761905,0.9604167919534161,0.903884246363355,0.7966573816155988,0.7519844173014559,0.8350488304764901,0.9944444444444445,0.9692069292336208,0.9990186339327839,0.8955509130300217,0.7477813768634957,0.8854489164086687,0.9965156794425087,True,0.7966573816155988,0.005555555555555556,179,1,73,286
ae_denso,Autoencoder Denso,101,False,F2M,2,Erro de 20% no sistema de sensor/realimentação,M,MPPT (potência máxima),180,180,359,nominal_mid_record,3.144629955291748,5,99.0,99.04761904761905,0.9597651461442008,0.9017486846177655,0.7966573816155988,0.7519844173014559,0.8350488304764901,0.9944444444444445,0.9692069292336208,0.9990186339327839,0.8955509130300217,0.7477813768634957,0.8854489164086687,0.9965156794425087,True,0.7966573816155988,0.005555555555555556,179,1,73,286
ae_lstm,AE-LSTM,13,False,F2M,2,Erro de 20% no sistema de sensor/realimentação,M,MPPT (potência máxima),180,180,359,nominal_mid_record,23.392887115478516,5,99.0,99.04761904761905,0.9660471750817299,0.9196224079232436,0.7938718662952646,0.7490214699083066,0.8324997285947293,1.0,0.9791045020783868,1.0,0.8969359331476323,0.7500575724179619,0.8850931677018633,1.0,True,0.7938718662952646,0.0,180,0,74,285
ae_lstm,AE-LSTM,29,False,F2M,2,Erro de 20% no sistema de sensor/realimentação,M,MPPT (potência máxima),180,180,359,nominal_mid_record,16.942502975463867,5,99.0,99.04761904761905,0.9648529338460482,0.9159083874961312,0.7938718662952646,0.7490214699083066,0.8324997285947293,1.0,0.9791045020783868,1.0,0.8969359331476323,0.7500575724179619,0.8850931677018633,1.0,True,0.7938718662952646,0.0,180,0,74,285
ae_lstm,AE-LSTM,42,True,F2M,2,Erro de 20% no sistema de sensor/realimentação,M,MPPT (potência máxima),180,180,359,nominal_mid_record,17.381608963012695,5,99.0,99.04761904761905,0.9637436487988169,0.9142680284741566,0.7938718662952646,0.7490214699083066,0.8324997285947293,1.0,0.9791045020783868,1.0,0.8969359331476323,0.7500575724179619,0.8850931677018633,1.0,True,0.7938718662952646,0.0,180,0,74,285
ae_lstm,AE-LSTM,71,False,F2M,2,Erro de 20% no sistema de sensor/realimentação,M,MPPT (potência máxima),180,180,359,nominal_mid_record,20.02474594116211,5,99.0,99.04761904761905,0.9662279805944435,0.9187867533271432,0.7938718662952646,0.7490214699083066,0.8324997285947293,1.0,0.9791045020783868,1.0,0.8969359331476323,0.7500575724179619,0.8850931677018633,1.0,True,0.7938718662952646,0.0,180,0,74,285
ae_lstm,AE-LSTM,101,False,F2M,2,Erro de 20% no sistema de sensor/realimentação,M,MPPT (potência máxima),180,180,359,nominal_mid_record,20.34963035583496,5,99.0,99.04761904761905,0.9656870882405734,0.917904673475704,0.7938718662952646,0.7490214699083066,0.8324997285947293,1.0,0.9791045020783868,1.0,0.8969359331476323,0.7500575724179619,0.8850931677018633,1.0,True,0.7938718662952646,0.0,180,0,74,285
ae_denso,Autoencoder Denso,13,False,F3L,3,Afundamentos intermitentes de tensão,L,IPPT (potência limitada),129,129,258,nominal_mid_record,3.5103249549865723,5,99.0,99.04761904761905,0.8362724437921714,0.688780722312361,0.27906976744186046,0.22788539662472923,0.33673664408095666,1.0,0.9710823800431216,1.0,0.6395348837209303,0.33806170189140666,0.43636363636363634,1.0,True,0.27906976744186046,0.0,129,0,186,72
ae_denso,Autoencoder Denso,29,False,F3L,3,Afundamentos intermitentes de tensão,L,IPPT (potência limitada),129,129,258,nominal_mid_record,3.3771872520446777,5,99.0,99.04761904761905,0.8379442550783336,0.6874286401057629,0.27906976744186046,0.22788539662472923,0.33673664408095666,0.9844961240310077,0.9452333688810886,0.9957379296103084,0.6317829457364341,0.31594092566295423,0.43373493975903615,0.972972972972973,True,0.27906976744186046,0.015503875968992248,127,2,186,72
ae_denso,Autoencoder Denso,42,True,F3L,3,Afundamentos intermitentes de tensão,L,IPPT (potência limitada),129,129,258,nominal_mid_record,3.461894989013672,5,99.0,99.04761904761905,0.8348620982792829,0.6795264707649781,0.27906976744186046,0.22788539662472923,0.33673664408095666,0.9844961240310077,0.9452333688810886,0.9957379296103084,0.6317829457364341,0.31594092566295423,0.43373493975903615,0.972972972972973,True,0.27906976744186046,0.015503875968992248,127,2,186,72
ae_denso,Autoencoder Denso,71,False,F3L,3,Afundamentos intermitentes de tensão,L,IPPT (potência limitada),129,129,258,nominal_mid_record,3.792628526687622,5,99.0,99.04761904761905,0.8385103787819841,0.6863770206117421,0.2868217054263566,0.23507852233170567,0.3448199379983421,0.9844961240310077,0.9452333688810886,0.9957379296103084,0.6356589147286822,0.32195565044418184,0.4431137724550898,0.9736842105263158,True,0.2868217054263566,0.015503875968992248,127,2,184,74
ae_denso,Autoencoder Denso,101,False,F3L,3,Afundamentos intermitentes de tensão,L,IPPT (potência limitada),129,129,258,nominal_mid_record,3.144629955291748,5,99.0,99.04761904761905,0.8430273473578143,0.6956913647016405,0.29069767441860467,0.23868234684937445,0.3488543232928543,0.9844961240310077,0.9452333688810886,0.9957379296103084,0.6375968992248062,0.3249504489956457,0.44776119402985076,0.974025974025974,True,0.29069767441860467,0.015503875968992248,127,2,183,75
ae_lstm,AE-LSTM,13,False,F3L,3,Afundamentos intermitentes de tensão,L,IPPT (potência limitada),129,129,258,nominal_mid_record,23.392887115478516,5,99.0,99.04761904761905,0.8104764627645853,0.6289886425094646,0.27906976744186046,0.22788539662472923,0.33673664408095666,1.0,0.9710823800431216,1.0,0.6395348837209303,0.33806170189140666,0.43636363636363634,1.0,True,0.27906976744186046,0.0,129,0,186,72
ae_lstm,AE-LSTM,29,False,F3L,3,Afundamentos intermitentes de tensão,L,IPPT (potência limitada),129,129,258,nominal_mid_record,16.942502975463867,5,99.0,99.04761904761905,0.8124801670862648,0.6341265548945376,0.27906976744186046,0.22788539662472923,0.33673664408095666,1.0,0.9710823800431216,1.0,0.6395348837209303,0.33806170189140666,0.43636363636363634,1.0,True,0.27906976744186046,0.0,129,0,186,72
ae_lstm,AE-LSTM,42,True,F3L,3,Afundamentos intermitentes de tensão,L,IPPT (potência limitada),129,129,258,nominal_mid_record,17.381608963012695,5,99.0,99.04761904761905,0.8200310370901858,0.6546181118923142,0.27906976744186046,0.22788539662472923,0.33673664408095666,1.0,0.9710823800431216,1.0,0.6395348837209303,0.33806170189140666,0.43636363636363634,1.0,True,0.27906976744186046,0.0,129,0,186,72
ae_lstm,AE-LSTM,71,False,F3L,3,Afundamentos intermitentes de tensão,L,IPPT (potência limitada),129,129,258,nominal_mid_record,20.02474594116211,5,99.0,99.04761904761905,0.8027094157228453,0.6163992548524728,0.27906976744186046,0.22788539662472923,0.33673664408095666,1.0,0.9710823800431216,1.0,0.6395348837209303,0.33806170189140666,0.43636363636363634,1.0,True,0.27906976744186046,0.0,129,0,186,72
ae_lstm,AE-LSTM,101,False,F3L,3,Afundamentos intermitentes de tensão,L,IPPT (potência limitada),129,129,258,nominal_mid_record,20.34963035583496,5,99.0,99.04761904761905,0.8115481412276654,0.6307012799711555,0.27906976744186046,0.22788539662472923,0.33673664408095666,1.0,0.9710823800431216,1.0,0.6395348837209303,0.33806170189140666,0.43636363636363634,1.0,True,0.27906976744186046,0.0,129,0,186,72
ae_denso,Autoencoder Denso,13,False,F3M,3,Afundamentos intermitentes de tensão,M,MPPT (potência máxima),87,87,174,nominal_mid_record,3.5103249549865723,5,99.0,99.04761904761905,0.7235787305190995,0.5332936979785969,0.07471264367816093,0.04417947281230249,0.12361862679045275,1.0,0.9577124930558795,0.9999999999999999,0.5373563218390804,0.16189403145068332,0.13903743315508021,1.0,True,0.07471264367816093,0.0,87,0,161,13
ae_denso,Autoencoder Denso,29,False,F3M,3,Afundamentos intermitentes de tensão,M,MPPT (potência máxima),87,87,174,nominal_mid_record,3.3771872520446777,5,99.0,99.04761904761905,0.7261507070766285,0.5390408244153785,0.07471264367816093,0.04417947281230249,0.12361862679045275,0.9885057471264368,0.9377280216427621,0.9979680922624077,0.5316091954022989,0.1322711693170675,0.13829787234042554,0.9285714285714286,True,0.07471264367816093,0.011494252873563218,86,1,161,13
ae_denso,Autoencoder Denso,42,True,F3M,3,Afundamentos intermitentes de tensão,M,MPPT (potência máxima),87,87,174,nominal_mid_record,3.461894989013672,5,99.0,99.04761904761905,0.727400814288732,0.537587528075043,0.07471264367816093,0.04417947281230249,0.12361862679045275,1.0,0.9577124930558795,0.9999999999999999,0.5373563218390804,0.16189403145068332,0.13903743315508021,1.0,True,0.07471264367816093,0.0,87,0,161,13
ae_denso,Autoencoder Denso,71,False,F3M,3,Afundamentos intermitentes de tensão,M,MPPT (potência máxima),87,87,174,nominal_mid_record,3.792628526687622,5,99.0,99.04761904761905,0.7297486853482766,0.5413528867750033,0.07471264367816093,0.04417947281230249,0.12361862679045275,1.0,0.9577124930558795,0.9999999999999999,0.5373563218390804,0.16189403145068332,0.13903743315508021,1.0,True,0.07471264367816093,0.0,87,0,161,13
ae_denso,Autoencoder Denso,101,False,F3M,3,Afundamentos intermitentes de tensão,M,MPPT (potência máxima),87,87,174,nominal_mid_record,3.144629955291748,5,99.0,99.04761904761905,0.732906958615461,0.5446558330030388,0.08620689655172414,0.05293752496662513,0.13735251789010972,1.0,0.9577124930558795,0.9999999999999999,0.5431034482758621,0.17460757394239454,0.15873015873015872,1.0,True,0.08620689655172414,0.0,87,0,159,15
ae_lstm,AE-LSTM,13,False,F3M,3,Afundamentos intermitentes de tensão,M,MPPT (potência máxima),87,87,174,nominal_mid_record,23.392887115478516,5,99.0,99.04761904761905,0.7463990208144187,0.560443915973048,0.07471264367816093,0.04417947281230249,0.12361862679045275,1.0,0.9577124930558795,0.9999999999999999,0.5373563218390804,0.16189403145068332,0.13903743315508021,1.0,True,0.07471264367816093,0.0,87,0,161,13
ae_lstm,AE-LSTM,29,False,F3M,3,Afundamentos intermitentes de tensão,M,MPPT (potência máxima),87,87,174,nominal_mid_record,16.942502975463867,5,99.0,99.04761904761905,0.7348561456524723,0.5509314308363059,0.07471264367816093,0.04417947281230249,0.12361862679045275,1.0,0.9577124930558795,0.9999999999999999,0.5373563218390804,0.16189403145068332,0.13903743315508021,1.0,True,0.07471264367816093,0.0,87,0,161,13
ae_lstm,AE-LSTM,42,True,F3M,3,Afundamentos intermitentes de tensão,M,MPPT (potência máxima),87,87,174,nominal_mid_record,17.381608963012695,5,99.0,99.04761904761905,0.7393727895855804,0.551393843308231,0.07471264367816093,0.04417947281230249,0.12361862679045275,1.0,0.9577124930558795,0.9999999999999999,0.5373563218390804,0.16189403145068332,0.13903743315508021,1.0,True,0.07471264367816093,0.0,87,0,161,13
ae_lstm,AE-LSTM,71,False,F3M,3,Afundamentos intermitentes de tensão,M,MPPT (potência máxima),87,87,174,nominal_mid_record,20.02474594116211,5,99.0,99.04761904761905,0.7462679316962546,0.5582639714625446,0.07471264367816093,0.04417947281230249,0.12361862679045275,1.0,0.9577124930558795,0.9999999999999999,0.5373563218390804,0.16189403145068332,0.13903743315508021,1.0,True,0.07471264367816093,0.0,87,0,161,13
ae_lstm,AE-LSTM,101,False,F3M,3,Afundamentos intermitentes de tensão,M,MPPT (potência máxima),87,87,174,nominal_mid_record,20.34963035583496,5,99.0,99.04761904761905,0.7295885934086386,0.5388426476416964,0.07471264367816093,0.04417947281230249,0.12361862679045275,1.0,0.9577124930558795,0.9999999999999999,0.5373563218390804,0.16189403145068332,0.13903743315508021,1.0,True,0.07471264367816093,0.0,87,0,161,13
ae_denso,Autoencoder Denso,13,False,F4L,4,Sombreamento parcial não uniforme (10-20%),L,IPPT (potência limitada),180,180,359,nominal_mid_record,3.5103249549865723,5,99.0,99.04761904761905,0.6990759562717297,0.5560662333642835,0.0,0.0,0.010587155153602403,1.0,0.9791045020783868,1.0,0.5,0.0,0.0,,False,0.0,0.0,180,0,359,0
ae_denso,Autoencoder Denso,29,False,F4L,4,Sombreamento parcial não uniforme (10-20%),L,IPPT (potência limitada),180,180,359,nominal_mid_record,3.3771872520446777,5,99.0,99.04761904761905,0.7072057200758455,0.5573351903435468,0.005571030640668524,0.0015291093879739055,0.020082144315449087,1.0,0.9791045020783868,1.0,0.5027855153203342,0.04321324533393813,0.0110803324099723,1.0,True,0.005571030640668524,0.0,180,0,357,2
ae_denso,Autoencoder Denso,42,True,F4L,4,Sombreamento parcial não uniforme (10-20%),L,IPPT (potência limitada),180,180,359,nominal_mid_record,3.461894989013672,5,99.0,99.04761904761905,0.7067564611820848,0.5702878365831012,0.0,0.0,0.010587155153602403,1.0,0.9791045020783868,1.0,0.5,0.0,0.0,,False,0.0,0.0,180,0,359,0
ae_denso,Autoencoder Denso,71,False,F4L,4,Sombreamento parcial não uniforme (10-20%),L,IPPT (potência limitada),180,180,359,nominal_mid_record,3.792628526687622,5,99.0,99.04761904761905,0.7094510727705319,0.5666202414113277,0.002785515320334262,0.0004918811981754609,0.015607323230337235,1.0,0.9791045020783868,1.0,0.5013927576601671,0.03052796748270094,0.005555555555555556,1.0,True,0.002785515320334262,0.0,180,0,358,1
ae_denso,Autoencoder Denso,101,False,F4L,4,Sombreamento parcial não uniforme (10-20%),L,IPPT (potência limitada),180,180,359,nominal_mid_record,3.144629955291748,5,99.0,99.04761904761905,0.7086683263183337,0.560662333642835,0.005571030640668524,0.0015291093879739055,0.020082144315449087,1.0,0.9791045020783868,1.0,0.5027855153203342,0.04321324533393813,0.0110803324099723,1.0,True,0.005571030640668524,0.0,180,0,357,2
ae_lstm,AE-LSTM,13,False,F4L,4,Sombreamento parcial não uniforme (10-20%),L,IPPT (potência limitada),180,180,359,nominal_mid_record,23.392887115478516,5,99.0,99.04761904761905,0.7027259676843373,0.5555865057257815,0.0,0.0,0.010587155153602403,1.0,0.9791045020783868,1.0,0.5,0.0,0.0,,False,0.0,0.0,180,0,359,0
ae_lstm,AE-LSTM,29,False,F4L,4,Sombreamento parcial não uniforme (10-20%),L,IPPT (potência limitada),180,180,359,nominal_mid_record,16.942502975463867,5,99.0,99.04761904761905,0.6799348632690981,0.5447539461467038,0.0,0.0,0.010587155153602403,1.0,0.9791045020783868,1.0,0.5,0.0,0.0,,False,0.0,0.0,180,0,359,0
ae_lstm,AE-LSTM,42,True,F4L,4,Sombreamento parcial não uniforme (10-20%),L,IPPT (potência limitada),180,180,359,nominal_mid_record,17.381608963012695,5,99.0,99.04761904761905,0.7100923768218814,0.5556948313215723,0.0,0.0,0.010587155153602403,1.0,0.9791045020783868,1.0,0.5,0.0,0.0,,False,0.0,0.0,180,0,359,0
ae_lstm,AE-LSTM,71,False,F4L,4,Sombreamento parcial não uniforme (10-20%),L,IPPT (potência limitada),180,180,359,nominal_mid_record,20.02474594116211,5,99.0,99.04761904761905,0.6705859226174913,0.5052305787681832,0.0,0.0,0.010587155153602403,1.0,0.9791045020783868,1.0,0.5,0.0,0.0,,False,0.0,0.0,180,0,359,0
ae_lstm,AE-LSTM,101,False,F4L,4,Sombreamento parcial não uniforme (10-20%),L,IPPT (potência limitada),180,180,359,nominal_mid_record,20.34963035583496,5,99.0,99.04761904761905,0.6793129621479165,0.5072423398328691,0.0,0.0,0.010587155153602403,1.0,0.9791045020783868,1.0,0.5,0.0,0.0,,False,0.0,0.0,180,0,359,0
ae_denso,Autoencoder Denso,13,False,F4M,4,Sombreamento parcial não uniforme (10-20%),M,MPPT (potência máxima),180,180,359,nominal_mid_record,3.5103249549865723,5,99.0,99.04761904761905,0.6987044135724669,0.544661095636026,0.016713091922005572,0.007681695415852265,0.0359777553872119,0.9888888888888889,0.9603989991004155,0.9969476251540074,0.5028009904054472,0.02184906414338086,0.0326975476839237,0.75,True,0.016713091922005572,0.011111111111111112,178,2,353,6
ae_denso,Autoencoder Denso,29,False,F4M,4,Sombreamento parcial não uniforme (10-20%),M,MPPT (potência máxima),180,180,359,nominal_mid_record,3.3771872520446777,5,99.0,99.04761904761905,0.7021680660319087,0.5548127514701331,0.027855153203342618,0.015199394956296637,0.0505082529464087,0.9833333333333333,0.952151771962928,0.9943159133795125,0.5055942432683379,0.034394600723628196,0.053763440860215055,0.7692307692307693,True,0.027855153203342618,0.016666666666666666,177,3,349,10
ae_denso,Autoencoder Denso,42,True,F4M,4,Sombreamento parcial não uniforme (10-20%),M,MPPT (potência máxima),180,180,359,nominal_mid_record,3.461894989013672,5,99.0,99.04761904761905,0.6926784382100537,0.5358557722067471,0.016713091922005572,0.007681695415852265,0.0359777553872119,0.9944444444444445,0.9692069292336208,0.9990186339327839,0.505578768183225,0.04647794864283248,0.03278688524590164,0.8571428571428571,True,0.016713091922005572,0.005555555555555556,179,1,353,6
ae_denso,Autoencoder Denso,71,False,F4M,4,Sombreamento parcial não uniforme (10-20%),M,MPPT (potência máxima),180,180,359,nominal_mid_record,3.792628526687622,5,99.0,99.04761904761905,0.6992148742183387,0.5443051686784277,0.016713091922005572,0.007681695415852265,0.0359777553872119,1.0,0.9791045020783868,1.0,0.5083565459610028,0.07512786531153602,0.03287671232876712,1.0,True,0.016713091922005572,0.0,180,0,353,6
ae_denso,Autoencoder Denso,101,False,F4M,4,Sombreamento parcial não uniforme (10-20%),M,MPPT (potência máxima),180,180,359,nominal_mid_record,3.144629955291748,5,99.0,99.04761904761905,0.691214929727424,0.535422469823584,0.03064066852367688,0.01719380923272017,0.05402588794489546,0.9722222222222222,0.936631929551566,0.9880778779669105,0.5014314453729496,0.007955682006842222,0.058666666666666666,0.6875,True,0.03064066852367688,0.027777777777777776,175,5,348,11
ae_lstm,AE-LSTM,13,False,F4M,4,Sombreamento parcial não uniforme (10-20%),M,MPPT (potência máxima),180,180,359,nominal_mid_record,23.392887115478516,5,99.0,99.04761904761905,0.6912672585305353,0.49535747446610956,0.0,0.0,0.010587155153602403,1.0,0.9791045020783868,1.0,0.5,0.0,0.0,,False,0.0,0.0,180,0,359,0
ae_lstm,AE-LSTM,29,False,F4M,4,Sombreamento parcial não uniforme (10-20%),M,MPPT (potência máxima),180,180,359,nominal_mid_record,16.942502975463867,5,99.0,99.04761904761905,0.6808966902632712,0.5240792324357784,0.0,0.0,0.010587155153602403,1.0,0.9791045020783868,1.0,0.5,0.0,0.0,,False,0.0,0.0,180,0,359,0
ae_lstm,AE-LSTM,42,True,F4M,4,Sombreamento parcial não uniforme (10-20%),M,MPPT (potência máxima),180,180,359,nominal_mid_record,17.381608963012695,5,99.0,99.04761904761905,0.696708609975746,0.5488857938718663,0.0,0.0,0.010587155153602403,1.0,0.9791045020783868,1.0,0.5,0.0,0.0,,False,0.0,0.0,180,0,359,0
ae_lstm,AE-LSTM,71,False,F4M,4,Sombreamento parcial não uniforme (10-20%),M,MPPT (potência máxima),180,180,359,nominal_mid_record,20.02474594116211,5,99.0,99.04761904761905,0.6847656258214615,0.5115289384091612,0.0,0.0,0.010587155153602403,1.0,0.9791045020783868,1.0,0.5,0.0,0.0,,False,0.0,0.0,180,0,359,0
ae_lstm,AE-LSTM,101,False,F4M,4,Sombreamento parcial não uniforme (10-20%),M,MPPT (potência máxima),180,180,359,nominal_mid_record,20.34963035583496,5,99.0,99.04761904761905,0.6855573233631944,0.534432064376354,0.0,0.0,0.010587155153602403,1.0,0.9791045020783868,1.0,0.5,0.0,0.0,,False,0.0,0.0,180,0,359,0
ae_denso,Autoencoder Denso,13,False,F5L,5,Circuito aberto em 15% do arranjo PV,L,IPPT (potência limitada),178,179,357,nominal_mid_record,3.5103249549865723,5,99.0,99.04761904761905,1.0,1.0,1.0,0.9893541644764191,1.0,0.9832402234636871,0.9518908366308748,0.9942840687534379,0.9916201117318435,0.9874444566327887,0.99581589958159,0.9916666666666667,True,1.0,0.01675977653631285,176,3,0,357
ae_denso,Autoencoder Denso,29,False,F5L,5,Circuito aberto em 15% do arranjo PV,L,IPPT (potência limitada),178,179,357,nominal_mid_record,3.3771872520446777,5,99.0,99.04761904761905,1.0,1.0,1.0,0.9893541644764191,1.0,0.9720670391061452,0.9362870793666515,0.9880109495925905,0.9860335195530726,0.9791019858967704,0.9930458970792768,0.9861878453038674,True,1.0,0.027932960893854747,174,5,0,357
ae_denso,Autoencoder Denso,42,True,F5L,5,Circuito aberto em 15% do arranjo PV,L,IPPT (potência limitada),178,179,357,nominal_mid_record,3.461894989013672,5,99.0,99.04761904761905,1.0,1.0,1.0,0.9893541644764191,1.0,0.9720670391061452,0.9362870793666515,0.9880109495925905,0.9860335195530726,0.9791019858967704,0.9930458970792768,0.9861878453038674,True,1.0,0.027932960893854747,174,5,0,357
ae_denso,Autoencoder Denso,71,False,F5L,5,Circuito aberto em 15% do arranjo PV,L,IPPT (potência limitada),178,179,357,nominal_mid_record,3.792628526687622,5,99.0,99.04761904761905,1.0,1.0,1.0,0.9893541644764191,1.0,0.9776536312849162,0.9439600415761618,0.9912764255956157,0.9888268156424581,0.9832705141864383,0.9944289693593314,0.9889196675900277,True,1.0,0.0223463687150838,175,4,0,357
ae_denso,Autoencoder Denso,101,False,F5L,5,Circuito aberto em 15% do arranjo PV,L,IPPT (potência limitada),178,179,357,nominal_mid_record,3.144629955291748,5,99.0,99.04761904761905,1.0,1.0,1.0,0.9893541644764191,1.0,0.9664804469273743,0.9288107184545821,0.9845488722921246,0.9832402234636872,0.9749387485924883,0.9916666666666667,0.9834710743801653,True,1.0,0.0335195530726257,173,6,0,357
ae_lstm,AE-LSTM,13,False,F5L,5,Circuito aberto em 15% do arranjo PV,L,IPPT (potência limitada),178,179,357,nominal_mid_record,23.392887115478516,5,99.0,99.04761904761905,0.9999999999999999,1.0,1.0,0.9893541644764191,1.0,1.0,0.978990220021919,0.9999999999999999,1.0,1.0,1.0,1.0,True,1.0,0.0,179,0,0,357
ae_lstm,AE-LSTM,29,False,F5L,5,Circuito aberto em 15% do arranjo PV,L,IPPT (potência limitada),178,179,357,nominal_mid_record,16.942502975463867,5,99.0,99.04761904761905,1.0,1.0,1.0,0.9893541644764191,1.0,1.0,0.978990220021919,0.9999999999999999,1.0,1.0,1.0,1.0,True,1.0,0.0,179,0,0,357
ae_lstm,AE-LSTM,42,True,F5L,5,Circuito aberto em 15% do arranjo PV,L,IPPT (potência limitada),178,179,357,nominal_mid_record,17.381608963012695,5,99.0,99.04761904761905,0.9999999999999999,1.0,1.0,0.9893541644764191,1.0,1.0,0.978990220021919,0.9999999999999999,1.0,1.0,1.0,1.0,True,1.0,0.0,179,0,0,357
ae_lstm,AE-LSTM,71,False,F5L,5,Circuito aberto em 15% do arranjo PV,L,IPPT (potência limitada),178,179,357,nominal_mid_record,20.02474594116211,5,99.0,99.04761904761905,1.0,1.0,1.0,0.9893541644764191,1.0,1.0,0.978990220021919,0.9999999999999999,1.0,1.0,1.0,1.0,True,1.0,0.0,179,0,0,357
ae_lstm,AE-LSTM,101,False,F5L,5,Circuito aberto em 15% do arranjo PV,L,IPPT (potência limitada),178,179,357,nominal_mid_record,20.34963035583496,5,99.0,99.04761904761905,1.0,1.0,1.0,0.9893541644764191,1.0,1.0,0.978990220021919,0.9999999999999999,1.0,1.0,1.0,1.0,True,1.0,0.0,179,0,0,357
ae_denso,Autoencoder Denso,13,False,F5M,5,Circuito aberto em 15% do arranjo PV,M,MPPT (potência máxima),180,180,359,nominal_mid_record,3.5103249549865723,5,99.0,99.04761904761905,0.997929969701786,0.9952800990405447,0.9805013927576601,0.9603050272381884,0.9905234726838371,0.9722222222222222,0.936631929551566,0.9880778779669105,0.9763618074899412,0.950124692354746,0.9832402234636871,0.9859943977591037,True,0.9805013927576601,0.027777777777777776,175,5,7,352
ae_denso,Autoencoder Denso,29,False,F5M,5,Circuito aberto em 15% do arranjo PV,M,MPPT (potência máxima),180,180,359,nominal_mid_record,3.3771872520446777,5,99.0,99.04761904761905,0.9978074376249568,0.9949551222531724,0.9805013927576601,0.9603050272381884,0.9905234726838371,0.9833333333333333,0.952151771962928,0.9943159133795125,0.9819173630454967,0.958656360981119,0.9859943977591037,0.9915492957746479,True,0.9805013927576601,0.016666666666666666,177,3,7,352
ae_denso,Autoencoder Denso,42,True,F5M,5,Circuito aberto em 15% do arranjo PV,M,MPPT (potência máxima),180,180,359,nominal_mid_record,3.461894989013672,5,99.0,99.04761904761905,0.9978276697672654,0.9950324976787372,0.9805013927576601,0.9603050272381884,0.9905234726838371,0.9722222222222222,0.936631929551566,0.9880778779669105,0.9763618074899412,0.950124692354746,0.9832402234636871,0.9859943977591037,True,0.9805013927576601,0.027777777777777776,175,5,7,352
ae_denso,Autoencoder Denso,71,False,F5M,5,Circuito aberto em 15% do arranjo PV,M,MPPT (potência máxima),180,180,359,nominal_mid_record,3.792628526687622,5,99.0,99.04761904761905,0.9977436805945693,0.9947848963169298,0.9805013927576601,0.9603050272381884,0.9905234726838371,0.9777777777777777,0.944263669857449,0.9913250765730094,0.9791395852677189,0.9543880245720281,0.9846153846153847,0.9887640449438202,True,0.9805013927576601,0.022222222222222223,176,4,7,352
ae_denso,Autoencoder Denso,101,False,F5M,5,Circuito aberto em 15% do arranjo PV,M,MPPT (potência máxima),180,180,359,nominal_mid_record,3.144629955291748,5,99.0,99.04761904761905,0.9979346195157737,0.9952955741256577,0.9832869080779945,0.9640222446127882,0.9923183045841477,0.9833333333333333,0.952151771962928,0.9943159133795125,0.9833101207056638,0.9626952260648955,0.9874125874125874,0.9915730337078652,True,0.9832869080779945,0.016666666666666666,177,3,6,353
ae_lstm,AE-LSTM,13,False,F5M,5,Circuito aberto em 15% do arranjo PV,M,MPPT (potência máxima),180,180,359,nominal_mid_record,23.392887115478516,5,99.0,99.04761904761905,0.9965910706626316,0.9915815536985454,0.9777158774373259,0.9566504798232399,0.9886659708238755,1.0,0.9791045020783868,1.0,0.9888579387186629,0.9675282665031271,0.9887323943661972,1.0,True,0.9777158774373259,0.0,180,0,8,351
ae_lstm,AE-LSTM,29,False,F5M,5,Circuito aberto em 15% do arranjo PV,M,MPPT (potência máxima),180,180,359,nominal_mid_record,16.942502975463867,5,99.0,99.04761904761905,0.99707395790645,0.9930052615289384,0.9777158774373259,0.9566504798232399,0.9886659708238755,0.9944444444444445,0.9692069292336208,0.9990186339327839,0.9860801609408851,0.963228299207852,0.9873417721518988,0.9971590909090909,True,0.9777158774373259,0.005555555555555556,179,1,8,351
ae_lstm,AE-LSTM,42,True,F5M,5,Circuito aberto em 15% do arranjo PV,M,MPPT (potência máxima),180,180,359,nominal_mid_record,17.381608963012695,5,99.0,99.04761904761905,0.9977593387392444,0.9948777468276075,0.9777158774373259,0.9566504798232399,0.9886659708238755,0.9944444444444445,0.9692069292336208,0.9990186339327839,0.9860801609408851,0.963228299207852,0.9873417721518988,0.9971590909090909,True,0.9777158774373259,0.005555555555555556,179,1,8,351
ae_lstm,AE-LSTM,71,False,F5M,5,Circuito aberto em 15% do arranjo PV,M,MPPT (potência máxima),180,180,359,nominal_mid_record,20.02474594116211,5,99.0,99.04761904761905,0.9971571589636403,0.9932373878056329,0.9777158774373259,0.9566504798232399,0.9886659708238755,1.0,0.9791045020783868,1.0,0.9888579387186629,0.9675282665031271,0.9887323943661972,1.0,True,0.9777158774373259,0.0,180,0,8,351
ae_lstm,AE-LSTM,101,False,F5M,5,Circuito aberto em 15% do arranjo PV,M,MPPT (potência máxima),180,180,359,nominal_mid_record,20.34963035583496,5,99.0,99.04761904761905,0.997916537184068,0.9950943980191891,0.9777158774373259,0.9566504798232399,0.9886659708238755,1.0,0.9791045020783868,1.0,0.9888579387186629,0.9675282665031271,0.9887323943661972,1.0,True,0.9777158774373259,0.0,180,0,8,351
ae_denso,Autoencoder Denso,13,False,F6L,6,Ganho do controlador PI reduzido em 20%,L,IPPT (potência limitada),180,180,359,nominal_mid_record,3.5103249549865723,5,99.0,99.04761904761905,0.7472304432120692,0.664577530176416,0.036211699164345405,0.021282388592558817,0.060961407134877396,0.9777777777777777,0.944263669857449,0.9913250765730094,0.5069947384710616,0.03775072020214794,0.06914893617021277,0.7647058823529411,True,0.036211699164345405,0.022222222222222223,176,4,346,13
ae_denso,Autoencoder Denso,29,False,F6L,6,Ganho do controlador PI reduzido em 20%,L,IPPT (potência limitada),180,180,359,nominal_mid_record,3.3771872520446777,5,99.0,99.04761904761905,0.7495040649566849,0.6603837821108016,0.022284122562674095,0.011334029176124538,0.04334952017676022,0.9722222222222222,0.936631929551566,0.9880778779669105,0.49725317239244815,-0.016888081959734454,0.043010752688172046,0.6153846153846154,True,0.022284122562674095,0.027777777777777776,175,5,351,8
ae_denso,Autoencoder Denso,42,True,F6L,6,Ganho do controlador PI reduzido em 20%,L,IPPT (potência limitada),180,180,359,nominal_mid_record,3.461894989013672,5,99.0,99.04761904761905,0.7521760371748502,0.6584648715567935,0.04178272980501393,0.025481842413870158,0.06778605186338665,0.9833333333333333,0.952151771962928,0.9943159133795125,0.5125580315691736,0.06592952226355647,0.07957559681697612,0.8333333333333334,True,0.04178272980501393,0.016666666666666666,177,3,344,15
ae_denso,Autoencoder Denso,71,False,F6L,6,Ganho do controlador PI reduzido em 20%,L,IPPT (potência limitada),180,180,359,nominal_mid_record,3.792628526687622,5,99.0,99.04761904761905,0.74202214027553,0.6532807180439493,0.013927576601671309,0.0059633102448628204,0.03218409128329104,0.9777777777777777,0.944263669857449,0.9913250765730094,0.49585267718972453,-0.03052967093953293,0.02717391304347826,0.5555555555555556,True,0.013927576601671309,0.022222222222222223,176,4,354,5
ae_denso,Autoencoder Denso,101,False,F6L,6,Ganho do controlador PI reduzido em 20%,L,IPPT (potência limitada),180,180,359,nominal_mid_record,3.144629955291748,5,99.0,99.04761904761905,0.7486512192014017,0.6623491179201486,0.036211699164345405,0.021282388592558817,0.060961407134877396,0.9777777777777777,0.944263669857449,0.9913250765730094,0.5069947384710616,0.03775072020214794,0.06914893617021277,0.7647058823529411,True,0.036211699164345405,0.022222222222222223,176,4,346,13
ae_lstm,AE-LSTM,13,False,F6L,6,Ganho do controlador PI reduzido em 20%,L,IPPT (potência limitada),180,180,359,nominal_mid_record,23.392887115478516,5,99.0,99.04761904761905,0.6665230135437514,0.5641906530485917,0.013927576601671309,0.0059633102448628204,0.03218409128329104,0.9722222222222222,0.936631929551566,0.9880778779669105,0.49307489941194677,-0.04840739615373608,0.02710027100271003,0.5,True,0.013927576601671309,0.027777777777777776,175,5,354,5
ae_lstm,AE-LSTM,29,False,F6L,6,Ganho do controlador PI reduzido em 20%,L,IPPT (potência limitada),180,180,359,nominal_mid_record,16.942502975463867,5,99.0,99.04761904761905,0.6762403522435663,0.5674094707520891,0.15877437325905291,0.12460967287584797,0.20016429094764115,0.8,0.735571436314231,0.8518912649328011,0.4793871866295265,-0.05145668924796009,0.252212389380531,0.6129032258064516,True,0.15877437325905291,0.2,144,36,302,57
ae_lstm,AE-LSTM,42,True,F6L,6,Ganho do controlador PI reduzido em 20%,L,IPPT (potência limitada),180,180,359,nominal_mid_record,17.381608963012695,5,99.0,99.04761904761905,0.6907284074579989,0.5866604766326216,0.07242339832869081,0.049899919626298465,0.10400051667497157,0.8888888888888888,0.83461326608738,0.9269124577513652,0.48065614360878983,-0.0653061612542875,0.12839506172839507,0.5652173913043478,True,0.07242339832869081,0.1111111111111111,160,20,333,26
ae_lstm,AE-LSTM,71,False,F6L,6,Ganho do controlador PI reduzido em 20%,L,IPPT (potência limitada),180,180,359,nominal_mid_record,20.02474594116211,5,99.0,99.04761904761905,0.6740106990940965,0.5627669452181987,0.09192200557103064,0.06620240971577014,0.12628237150987195,0.8611111111111112,0.8030084994918879,0.9041225297869472,0.4765165583410709,-0.07148068136269994,0.15827338129496402,0.5689655172413793,True,0.09192200557103064,0.1388888888888889,155,25,326,33
ae_lstm,AE-LSTM,101,False,F6L,6,Ganho do controlador PI reduzido em 20%,L,IPPT (potência limitada),180,180,359,nominal_mid_record,20.34963035583496,5,99.0,99.04761904761905,0.6816915249122606,0.5657381615598885,0.052924791086350974,0.03414056926230104,0.08117552211459693,0.9444444444444444,0.9007683865825439,0.9695467263760221,0.4986846177653977,-0.005498970090828169,0.0979381443298969,0.6551724137931034,True,0.052924791086350974,0.05555555555555555,170,10,340,19
ae_denso,Autoencoder Denso,13,False,F6M,6,Ganho do controlador PI reduzido em 20%,M,MPPT (potência máxima),180,180,359,nominal_mid_record,3.5103249549865723,5,99.0,99.04761904761905,0.8218264374237145,0.7142835035592696,0.025069637883008356,0.013244174581490527,0.04695142404630452,0.9888888888888889,0.9603989991004155,0.9969476251540074,0.5069792633859487,0.04655965534925724,0.04864864864864865,0.8181818181818182,True,0.025069637883008356,0.011111111111111112,178,2,350,9
ae_denso,Autoencoder Denso,29,False,F6M,6,Ganho do controlador PI reduzido em 20%,M,MPPT (potência máxima),180,180,359,nominal_mid_record,3.3771872520446777,5,99.0,99.04761904761905,0.8215516570976845,0.7128443206437635,0.025069637883008356,0.013244174581490527,0.04695142404630452,0.9888888888888889,0.9603989991004155,0.9969476251540074,0.5069792633859487,0.04655965534925724,0.04864864864864865,0.8181818181818182,True,0.025069637883008356,0.011111111111111112,178,2,350,9
ae_denso,Autoencoder Denso,42,True,F6M,6,Ganho do controlador PI reduzido em 20%,M,MPPT (potência máxima),180,180,359,nominal_mid_record,3.461894989013672,5,99.0,99.04761904761905,0.8118632547741833,0.7062674094707522,0.027855153203342618,0.015199394956296637,0.0505082529464087,0.9888888888888889,0.9603989991004155,0.9969476251540074,0.5083720210461158,0.05352391265382189,0.05390835579514825,0.8333333333333334,True,0.027855153203342618,0.011111111111111112,178,2,349,10
ae_denso,Autoencoder Denso,71,False,F6M,6,Ganho do controlador PI reduzido em 20%,M,MPPT (potência máxima),180,180,359,nominal_mid_record,3.792628526687622,5,99.0,99.04761904761905,0.8186316708362209,0.7064531104921077,0.011142061281337047,0.004341225376932932,0.028294126876310645,0.9944444444444445,0.9692069292336208,0.9990186339327839,0.5027932528628908,0.02748325037752135,0.02197802197802198,0.8,True,0.011142061281337047,0.005555555555555556,179,1,355,4
ae_denso,Autoencoder Denso,101,False,F6M,6,Ganho do controlador PI reduzido em 20%,M,MPPT (potência máxima),180,180,359,nominal_mid_record,3.144629955291748,5,99.0,99.04761904761905,0.8179361722701931,0.7057567316620241,0.03899721448467967,0.02336962885561688,0.06438621614672962,0.9888888888888889,0.9603989991004155,0.9969476251540074,0.5139430516867843,0.07749264311529558,0.07466666666666667,0.875,True,0.03899721448467967,0.011111111111111112,178,2,345,14
ae_lstm,AE-LSTM,13,False,F6M,6,Ganho do controlador PI reduzido em 20%,M,MPPT (potência máxima),180,180,359,nominal_mid_record,23.392887115478516,5,99.0,99.04761904761905,0.7546024927165561,0.6574589910244506,0.0,0.0,0.010587155153602403,1.0,0.9791045020783868,1.0,0.5,0.0,0.0,,False,0.0,0.0,180,0,359,0
ae_lstm,AE-LSTM,29,False,F6M,6,Ganho do controlador PI reduzido em 20%,M,MPPT (potência máxima),180,180,359,nominal_mid_record,16.942502975463867,5,99.0,99.04761904761905,0.7559170014445863,0.6562519343856392,0.0,0.0,0.010587155153602403,1.0,0.9791045020783868,1.0,0.5,0.0,0.0,,False,0.0,0.0,180,0,359,0
ae_lstm,AE-LSTM,42,True,F6M,6,Ganho do controlador PI reduzido em 20%,M,MPPT (potência máxima),180,180,359,nominal_mid_record,17.381608963012695,5,99.0,99.04761904761905,0.7962253671054215,0.6972609099350047,0.0,0.0,0.010587155153602403,1.0,0.9791045020783868,1.0,0.5,0.0,0.0,,False,0.0,0.0,180,0,359,0
ae_lstm,AE-LSTM,71,False,F6M,6,Ganho do controlador PI reduzido em 20%,M,MPPT (potência máxima),180,180,359,nominal_mid_record,20.02474594116211,5,99.0,99.04761904761905,0.7807371249497148,0.684911792014856,0.0,0.0,0.010587155153602403,1.0,0.9791045020783868,1.0,0.5,0.0,0.0,,False,0.0,0.0,180,0,359,0
ae_lstm,AE-LSTM,101,False,F6M,6,Ganho do controlador PI reduzido em 20%,M,MPPT (potência máxima),180,180,359,nominal_mid_record,20.34963035583496,5,99.0,99.04761904761905,0.7510543320291759,0.6431600123800681,0.0,0.0,0.010587155153602403,1.0,0.9791045020783868,1.0,0.5,0.0,0.0,,False,0.0,0.0,180,0,359,0
ae_denso,Autoencoder Denso,13,False,F7L,7,Constante de tempo do controlador PI elevada em 20%,L,IPPT (potência limitada),180,180,359,nominal_mid_record,3.5103249549865723,5,99.0,99.04761904761905,0.8491345240150054,0.8031569173630455,0.033426183844011144,0.01922273884624874,0.05750900760627718,0.9722222222222222,0.936631929551566,0.9880778779669105,0.5028242030331167,0.015242270878079644,0.06382978723404255,0.7058823529411765,True,0.033426183844011144,0.027777777777777776,175,5,347,12
ae_denso,Autoencoder Denso,29,False,F7L,7,Constante de tempo do controlador PI elevada em 20%,L,IPPT (potência limitada),180,180,359,nominal_mid_record,3.3771872520446777,5,99.0,99.04761904761905,0.8464316368274518,0.7984060662333643,0.03899721448467967,0.02336962885561688,0.06438621614672962,0.9611111111111111,0.9219152218849264,0.981036707809586,0.5000541627978954,0.000264021950979375,0.07368421052631578,0.6666666666666666,True,0.03899721448467967,0.03888888888888889,173,7,345,14
ae_denso,Autoencoder Denso,42,True,F7L,7,Constante de tempo do controlador PI elevada em 20%,L,IPPT (potência limitada),180,180,359,nominal_mid_record,3.461894989013672,5,99.0,99.04761904761905,0.8458290813768743,0.8011142061281338,0.05013927576601671,0.03194770799639833,0.07785633410558934,0.9555555555555556,0.9147630842357073,0.9773099065468231,0.5028474156607862,0.012534845497744132,0.09350649350649351,0.6923076923076923,True,0.05013927576601671,0.044444444444444446,172,8,341,18
ae_denso,Autoencoder Denso,71,False,F7L,7,Constante de tempo do controlador PI elevada em 20%,L,IPPT (potência limitada),180,180,359,nominal_mid_record,3.792628526687622,5,99.0,99.04761904761905,0.8449303677103952,0.796146703806871,0.03899721448467967,0.02336962885561688,0.06438621614672962,0.9722222222222222,0.936631929551566,0.9880778779669105,0.5056097183534509,0.028693006547717427,0.07407407407407407,0.7368421052631579,True,0.03899721448467967,0.027777777777777776,175,5,345,14
ae_denso,Autoencoder Denso,101,False,F7L,7,Constante de tempo do controlador PI elevada em 20%,L,IPPT (potência limitada),180,180,359,nominal_mid_record,3.144629955291748,5,99.0,99.04761904761905,0.8489376603399201,0.8023676880222842,0.06128133704735376,0.04081417021791123,0.09103806898371763,0.9611111111111111,0.9219152218849264,0.981036707809586,0.5111962240792325,0.04680593953781389,0.1134020618556701,0.7586206896551724,True,0.06128133704735376,0.03888888888888889,173,7,337,22
ae_lstm,AE-LSTM,13,False,F7L,7,Constante de tempo do controlador PI elevada em 20%,L,IPPT (potência limitada),180,180,359,nominal_mid_record,23.392887115478516,5,99.0,99.04761904761905,0.8007053428951983,0.7536521200866604,0.0,0.0,0.010587155153602403,1.0,0.9791045020783868,1.0,0.5,0.0,0.0,,False,0.0,0.0,180,0,359,0
ae_lstm,AE-LSTM,29,False,F7L,7,Constante de tempo do controlador PI elevada em 20%,L,IPPT (potência limitada),180,180,359,nominal_mid_record,16.942502975463867,5,99.0,99.04761904761905,0.8178480706936306,0.7670999690498299,0.002785515320334262,0.0004918811981754609,0.015607323230337235,1.0,0.9791045020783868,1.0,0.5013927576601671,0.03052796748270094,0.005555555555555556,1.0,True,0.002785515320334262,0.0,180,0,358,1
ae_lstm,AE-LSTM,42,True,F7L,7,Constante de tempo do controlador PI elevada em 20%,L,IPPT (potência limitada),180,180,359,nominal_mid_record,17.381608963012695,5,99.0,99.04761904761905,0.8059705941305357,0.7579232435778397,0.002785515320334262,0.0004918811981754609,0.015607323230337235,1.0,0.9791045020783868,1.0,0.5013927576601671,0.03052796748270094,0.005555555555555556,1.0,True,0.002785515320334262,0.0,180,0,358,1
ae_lstm,AE-LSTM,71,False,F7L,7,Constante de tempo do controlador PI elevada em 20%,L,IPPT (potência limitada),180,180,359,nominal_mid_record,20.02474594116211,5,99.0,99.04761904761905,0.8134206931228964,0.7594088517486846,0.0,0.0,0.010587155153602403,1.0,0.9791045020783868,1.0,0.5,0.0,0.0,,False,0.0,0.0,180,0,359,0
ae_lstm,AE-LSTM,101,False,F7L,7,Constante de tempo do controlador PI elevada em 20%,L,IPPT (potência limitada),180,180,359,nominal_mid_record,20.34963035583496,5,99.0,99.04761904761905,0.8236845670067612,0.7607861343237388,0.002785515320334262,0.0004918811981754609,0.015607323230337235,1.0,0.9791045020783868,1.0,0.5013927576601671,0.03052796748270094,0.005555555555555556,1.0,True,0.002785515320334262,0.0,180,0,358,1
ae_denso,Autoencoder Denso,13,False,F7M,7,Constante de tempo do controlador PI elevada em 20%,M,MPPT (potência máxima),180,180,359,nominal_mid_record,3.5103249549865723,5,99.0,99.04761904761905,0.880239841179524,0.7804394924172083,0.18662952646239556,0.1497212896125914,0.23017316696000073,0.9888888888888889,0.9603989991004155,0.9969476251540074,0.5877592076756423,0.24776085540557105,0.3130841121495327,0.9710144927536232,True,0.18662952646239556,0.011111111111111112,178,2,292,67
ae_denso,Autoencoder Denso,29,False,F7M,7,Constante de tempo do controlador PI elevada em 20%,M,MPPT (potência máxima),180,180,359,nominal_mid_record,3.3771872520446777,5,99.0,99.04761904761905,0.8901417070234973,0.7909161250386878,0.20055710306406685,0.16240507061167006,0.24504963233547347,0.9888888888888889,0.9603989991004155,0.9969476251540074,0.5947229959764779,0.25961307546702306,0.3325635103926097,0.972972972972973,True,0.20055710306406685,0.011111111111111112,178,2,287,72
ae_denso,Autoencoder Denso,42,True,F7M,7,Constante de tempo do controlador PI elevada em 20%,M,MPPT (potência máxima),180,180,359,nominal_mid_record,3.461894989013672,5,99.0,99.04761904761905,0.8830443179612766,0.7881151346332406,0.19498607242339833,0.15732206734811766,0.23910853704920532,0.9833333333333333,0.952151771962928,0.9943159133795125,0.5891597028783658,0.24576933628284797,0.32407407407407407,0.958904109589041,True,0.19498607242339833,0.016666666666666666,177,3,289,70
ae_denso,Autoencoder Denso,71,False,F7M,7,Constante de tempo do controlador PI elevada em 20%,M,MPPT (potência máxima),180,180,359,nominal_mid_record,3.792628526687622,5,99.0,99.04761904761905,0.8866411127844747,0.7882853605694832,0.17548746518105848,0.13963348268191403,0.21821277679103687,0.9888888888888889,0.9603989991004155,0.9969476251540074,0.5821881770349737,0.2380548155239139,0.2971698113207547,0.9692307692307692,True,0.17548746518105848,0.011111111111111112,178,2,296,63
ae_denso,Autoencoder Denso,101,False,F7M,7,Constante de tempo do controlador PI elevada em 20%,M,MPPT (potência máxima),180,180,359,nominal_mid_record,3.144629955291748,5,99.0,99.04761904761905,0.8830453308434962,0.7917982048901269,0.2785515320334262,0.2347105725897343,0.3270815100548975,0.9777777777777777,0.944263669857449,0.9913250765730094,0.6281646549056019,0.306351807369744,0.4319654427645788,0.9615384615384616,True,0.2785515320334262,0.022222222222222223,176,4,259,100
ae_lstm,AE-LSTM,13,False,F7M,7,Constante de tempo do controlador PI elevada em 20%,M,MPPT (potência máxima),180,180,359,nominal_mid_record,23.392887115478516,5,99.0,99.04761904761905,0.7965366007940974,0.7199473847106159,0.0,0.0,0.010587155153602403,1.0,0.9791045020783868,1.0,0.5,0.0,0.0,,False,0.0,0.0,180,0,359,0
ae_lstm,AE-LSTM,29,False,F7M,7,Constante de tempo do controlador PI elevada em 20%,M,MPPT (potência máxima),180,180,359,nominal_mid_record,16.942502975463867,5,99.0,99.04761904761905,0.8394081862507545,0.7530640668523677,0.0,0.0,0.010587155153602403,1.0,0.9791045020783868,1.0,0.5,0.0,0.0,,False,0.0,0.0,180,0,359,0
ae_lstm,AE-LSTM,42,True,F7M,7,Constante de tempo do controlador PI elevada em 20%,M,MPPT (potência máxima),180,180,359,nominal_mid_record,17.381608963012695,5,99.0,99.04761904761905,0.800703340378051,0.7305942432683379,0.0,0.0,0.010587155153602403,1.0,0.9791045020783868,1.0,0.5,0.0,0.0,,False,0.0,0.0,180,0,359,0
ae_lstm,AE-LSTM,71,False,F7M,7,Constante de tempo do controlador PI elevada em 20%,M,MPPT (potência máxima),180,180,359,nominal_mid_record,20.02474594116211,5,99.0,99.04761904761905,0.814680779021359,0.7413958526771897,0.0,0.0,0.010587155153602403,1.0,0.9791045020783868,1.0,0.5,0.0,0.0,,False,0.0,0.0,180,0,359,0
ae_lstm,AE-LSTM,101,False,F7M,7,Constante de tempo do controlador PI elevada em 20%,M,MPPT (potência máxima),180,180,359,nominal_mid_record,20.34963035583496,5,99.0,99.04761904761905,0.8329540930570383,0.745187248529867,0.0,0.0,0.010587155153602403,1.0,0.9791045020783868,1.0,0.5,0.0,0.0,,False,0.0,0.0,180,0,359,0
