k,percentil,limiar,fp_pct,ic_low,ic_high,ic_rel,rec_contator_ac,rec_igbt,rec_fusivel_ac
5,99.0,5.794503114750659,2.272727272727273,4.104520503751186,6.360774969112867,0.3893784196298201,100.0,86.36363636363636,88.63636363636364
5,99.5,6.077639041931759,2.272727272727273,4.3596564920279945,6.360774969112867,0.32925918490362066,100.0,86.36363636363636,79.54545454545455
5,99.9,6.304147783676657,2.272727272727273,4.5442674735526785,6.360774969112867,0.2881448147937895,100.0,86.36363636363636,70.45454545454545
10,99.0,5.395018862532131,2.272727272727273,3.640624251527826,6.052404680082492,0.44703836817035814,100.0,79.54545454545455,18.181818181818183
10,99.5,5.723711771307306,2.272727272727273,3.9129831427920068,6.052404680082492,0.3737821928796805,100.0,79.54545454545455,13.636363636363635
10,99.9,5.9866660983274675,2.272727272727273,4.064137260550834,6.052404680082492,0.3321159702037053,100.0,68.18181818181817,11.363636363636363
15,99.0,5.075541107876267,2.272727272727273,3.3041510185585703,5.792626449628185,0.4902877108428848,100.0,68.18181818181817,9.090909090909092
15,99.5,5.43408377875222,2.272727272727273,3.5846416427108077,5.792626449628185,0.4063214511986005,100.0,65.9090909090909,6.8181818181818175
15,99.9,5.720917915453006,2.272727272727273,3.7479005832508707,5.792626449628185,0.3574122014326095,100.0,56.81818181818182,6.8181818181818175
