experiment,fault,fault_type,mode,mode_name,seed,n_baseline,n_pre_test,n_post_test,baseline_fraction_of_pre,true_negatives,false_positives,false_negatives,true_positives,auc_roc,average_precision,sensitivity,sensitivity_ci95_low,sensitivity_ci95_high,specificity,specificity_ci95_low,specificity_ci95_high,balanced_accuracy,mcc,sustained_detection,detection_delay_from_nominal_midpoint_s,median_index_pre,median_index_post
F1L,1,Falha total em um IGBT,L,IPPT (potencia limitada),13,161,161,322,0.5,154,7,105,217,0.8567377801782339,0.9374548616926883,0.6739130434782609,0.6209219375624075,0.7228035061099767,0.9565217391304348,0.9129839454170278,0.97878200382696,0.8152173913043479,0.5959463289819202,True,2.1797711919303397,0.28151112329854994,122.37229103228758
F1L,1,Falha total em um IGBT,L,IPPT (potencia limitada),29,161,161,322,0.5,156,5,107,215,0.8509895451564368,0.9347487133541797,0.6677018633540373,0.6145419226317103,0.7169076123380888,0.968944099378882,0.9293683966075118,0.9866632927519586,0.8183229813664596,0.6026284746552066,True,2.1797711919303397,0.2630507851859541,149.84208346609233
F1L,1,Falha total em um IGBT,L,IPPT (potencia limitada),42,161,161,322,0.5,154,7,102,220,0.8581073261062458,0.938259547027904,0.6832298136645962,0.630510797724591,0.731628509001671,0.9565217391304348,0.9129839454170278,0.97878200382696,0.8198757763975155,0.6042536901223126,True,2.1797711919303397,0.31981215367801497,190.62423550406436
F1L,1,Falha total em um IGBT,L,IPPT (potencia limitada),71,161,161,322,0.5,156,5,101,221,0.856911384591644,0.9382160749280274,0.6863354037267081,0.6337121835685221,0.7345650775090325,0.968944099378882,0.9293683966075118,0.9866632927519586,0.8276397515527951,0.6190798607379197,True,2.1797711919303397,0.31594769795812616,172.25646561055794
F1L,1,Falha total em um IGBT,L,IPPT (potencia limitada),101,161,161,322,0.5,157,4,104,218,0.86084641796227,0.9390223500829138,0.6770186335403726,0.6241156940756878,0.7257477039479889,0.9751552795031055,0.9378676444810962,0.9902969149361153,0.826086956521739,0.6168897525164957,True,2.1797711919303397,0.2824594128763172,125.93579034594792
F1M,1,Falha total em um IGBT,M,MPPT (potencia maxima),13,173,174,347,0.49855907780979825,174,0,75,272,0.9121203087217199,0.963114114566478,0.7838616714697406,0.7375712596662795,0.8239359255511937,1.0,0.9783995315481122,1.0,0.8919308357348703,0.7401072613996199,True,1.4998649602490506,0.2116345757986074,22044.107301620475
F1M,1,Falha total em um IGBT,M,MPPT (potencia maxima),29,173,174,347,0.49855907780979825,174,0,75,272,0.9157308953592368,0.9645563803719982,0.7838616714697406,0.7375712596662795,0.8239359255511937,1.0,0.9783995315481122,1.0,0.8919308357348703,0.7401072613996199,True,1.4998649602490506,0.20893455758008744,52557.717020575874
F1M,1,Falha total em um IGBT,M,MPPT (potencia maxima),42,173,174,347,0.49855907780979825,174,0,75,272,0.9142899731690352,0.9636847103916857,0.7838616714697406,0.7375712596662795,0.8239359255511937,1.0,0.9783995315481122,1.0,0.8919308357348703,0.7401072613996199,True,1.4998649602490506,0.2280239000384462,22391.28974411425
F1M,1,Falha total em um IGBT,M,MPPT (potencia maxima),71,173,174,347,0.49855907780979825,174,0,75,272,0.9084765974361523,0.9608829998945518,0.7838616714697406,0.7375712596662795,0.8239359255511937,1.0,0.9783995315481122,1.0,0.8919308357348703,0.7401072613996199,True,1.4998649602490506,0.21466673902584055,31307.869918354736
F1M,1,Falha total em um IGBT,M,MPPT (potencia maxima),101,173,174,347,0.49855907780979825,174,0,75,272,0.9126006161184538,0.9631185699568354,0.7838616714697406,0.7375712596662795,0.8239359255511937,1.0,0.9783995315481122,1.0,0.8919308357348703,0.7401072613996199,True,1.4998649602490506,0.20189237650827152,52292.71547249156
F2L,2,Falha de 20% em sensor de fase,L,IPPT (potencia limitada),13,177,178,354,0.49859154929577465,146,32,70,284,0.9013521234050657,0.9577296387978662,0.8022598870056498,0.7576202763965628,0.840409925875864,0.8202247191011236,0.7572386909052302,0.8696810486268332,0.8112423030533866,0.5980945309473036,True,1.73843020175027,0.6039990074664032,916.4251773123317
F2L,2,Falha de 20% em sensor de fase,L,IPPT (potencia limitada),29,177,178,354,0.49859154929577465,123,55,61,293,0.8942899765124103,0.9547620548905378,0.827683615819209,0.7848791471110098,0.8634526609600323,0.6910112359550562,0.6196942008429891,0.7542579244919259,0.7593474258871327,0.5145469830992713,True,1.73843020175027,0.5907392804860885,839.5507256311466
F2L,2,Falha de 20% em sensor de fase,L,IPPT (potencia limitada),42,177,178,354,0.49859154929577465,133,45,66,288,0.9010188535517044,0.9573441813665259,0.8135593220338984,0.769700837750366,0.8506856337658899,0.7471910112359551,0.678583139139175,0.8053549054118916,0.7803751666349268,0.5468050509459255,True,1.7584119794481596,0.637496894863042,1144.3327236366604
F2L,2,Falha de 20% em sensor de fase,L,IPPT (potencia limitada),71,177,178,354,0.49859154929577465,130,48,61,293,0.8985907446200723,0.956353970302116,0.827683615819209,0.7848791471110098,0.8634526609600323,0.7303370786516854,0.6607857436762845,0.7901565251099365,0.7790103472354473,0.5488681932923835,True,1.73843020175027,0.6536382412582276,1039.674845019057
F2L,2,Falha de 20% em sensor de fase,L,IPPT (potencia limitada),101,177,178,354,0.49859154929577465,134,44,66,288,0.8927188472037071,0.9544140528350668,0.8135593220338984,0.769700837750366,0.8506856337658899,0.7528089887640449,0.6845423062038145,0.810394330268867,0.7831841553989716,0.5517299228494179,True,1.73843020175027,0.5901113864668703,928.7519518861072
F2M,2,Falha de 20% em sensor de fase,M,MPPT (potencia maxima),13,180,180,359,0.5,179,1,73,286,0.9030795419374806,0.9602434856372606,0.7966573816155988,0.7519844173014559,0.8350488304764901,0.9944444444444445,0.9692069292336208,0.9990186339327839,0.8955509130300217,0.7477813768634957,True,1.47984740654766,0.19908123008777828,2958.0600303049146
F2M,2,Falha de 20% em sensor de fase,M,MPPT (potencia maxima),29,180,180,359,0.5,179,1,73,286,0.9069018879603836,0.9614377492462012,0.7966573816155988,0.7519844173014559,0.8350488304764901,0.9944444444444445,0.9692069292336208,0.9990186339327839,0.8955509130300217,0.7477813768634957,True,1.47984740654766,0.16695848595622886,3129.0001171721283
F2M,2,Falha de 20% em sensor de fase,M,MPPT (potencia maxima),42,180,180,359,0.5,179,1,73,286,0.9053543794490869,0.9610152797226386,0.7966573816155988,0.7519844173014559,0.8350488304764901,0.9944444444444445,0.9692069292336208,0.9990186339327839,0.8955509130300217,0.7477813768634957,True,1.47984740654766,0.23545473201237455,3690.1181502223294
F2M,2,Falha de 20% em sensor de fase,M,MPPT (potencia maxima),71,180,180,359,0.5,179,1,73,286,0.905849582172702,0.9609494069657465,0.7966573816155988,0.7519844173014559,0.8350488304764901,0.9944444444444445,0.9692069292336208,0.9990186339327839,0.8955509130300217,0.7477813768634957,True,1.47984740654766,0.17044328834744543,3430.8253835504606
F2M,2,Falha de 20% em sensor de fase,M,MPPT (potencia maxima),101,180,180,359,0.5,179,1,73,286,0.9007737542556484,0.9597336251014025,0.7966573816155988,0.7519844173014559,0.8350488304764901,0.9944444444444445,0.9692069292336208,0.9990186339327839,0.8955509130300217,0.7477813768634957,True,1.47984740654766,0.1799099634317453,3030.0750890895883
F3L,3,Afundamentos intermitentes de tensao,L,IPPT (potencia limitada),13,129,129,258,0.5,126,3,181,77,0.6814193858542155,0.8345194576202202,0.29844961240310075,0.24590423754949403,0.3569088522170965,0.9767441860465116,0.9338558951481141,0.9920598625674205,0.6375968992248062,0.3203532760849674,True,3.7196290321682,0.2396937597373676,0.3573390188931709
F3L,3,Afundamentos intermitentes de tensao,L,IPPT (potencia limitada),29,129,129,258,0.5,129,0,186,72,0.6649840754762334,0.8262152809922549,0.27906976744186046,0.22788539662472923,0.33673664408095666,1.0,0.9710823800431216,1.0,0.6395348837209303,0.33806170189140666,True,3.7196290321682,0.24397044671475368,0.3294971669828355
F3L,3,Afundamentos intermitentes de tensao,L,IPPT (potencia limitada),42,129,129,258,0.5,127,2,181,77,0.6905834985878253,0.8399918592697542,0.29844961240310075,0.24590423754949403,0.3569088522170965,0.9844961240310077,0.9452333688810886,0.9957379296103084,0.6414728682170543,0.33091690849635524,True,3.7196290321682,0.3063287916229784,0.4324294298121104
F3L,3,Afundamentos intermitentes de tensao,L,IPPT (potencia limitada),71,129,129,258,0.5,128,1,184,74,0.6828916531458445,0.8360666597825638,0.2868217054263566,0.23507852233170567,0.3448199379983421,0.9922480620155039,0.9573965598582397,0.9986302794090196,0.6395348837209303,0.3328201177351375,True,3.7196290321682,0.26661327798813683,0.39075634675950144
F3L,3,Afundamentos intermitentes de tensao,L,IPPT (potencia limitada),101,129,129,258,0.5,128,1,186,72,0.6784748512709573,0.8311992869790932,0.27906976744186046,0.22788539662472923,0.33673664408095666,0.9922480620155039,0.9573965598582397,0.9986302794090196,0.6356589147286822,0.32693151582096674,True,3.7196290321682,0.22770446008913217,0.32262526491091514
F3M,3,Afundamentos intermitentes de tensao,M,MPPT (potencia maxima),13,87,87,174,0.5,86,1,160,14,0.5266217465979655,0.7285878316772711,0.08045977011494253,0.0485310998138549,0.13051297141589013,0.9885057471264368,0.9377280216427621,0.9979680922624077,0.5344827586206896,0.13968605915391563,True,3.21967668463189,0.18891332114527207,0.20778868024666536
F3M,3,Afundamentos intermitentes de tensao,M,MPPT (potencia maxima),29,87,87,174,0.5,87,0,161,13,0.534218522922447,0.7268106434567851,0.07471264367816093,0.04417947281230249,0.12361862679045275,1.0,0.9577124930558795,0.9999999999999999,0.5373563218390804,0.16189403145068332,True,3.21967668463189,0.2110836290668396,0.22198845098219921
F3M,3,Afundamentos intermitentes de tensao,M,MPPT (potencia maxima),42,87,87,174,0.5,86,1,159,15,0.5220636808032766,0.7203065941081956,0.08620689655172414,0.05293752496662512,0.13735251789010972,0.9885057471264368,0.9377280216427621,0.9979680922624077,0.5373563218390804,0.14682003422210332,True,3.21967668463189,0.23775273905413072,0.22373258622957143
F3M,3,Afundamentos intermitentes de tensao,M,MPPT (potencia maxima),71,87,87,174,0.5,86,1,156,18,0.5572070286695733,0.7426298654571956,0.10344827586206896,0.06644267117224241,0.15758528656546178,0.9885057471264368,0.9377280216427621,0.9979680922624077,0.5459770114942529,0.16684780645131764,True,3.21967668463189,0.17103265955471775,0.18436718730104382
F3M,3,Afundamentos intermitentes de tensao,M,MPPT (potencia maxima),101,87,87,174,0.5,87,0,161,13,0.530321046373365,0.7249175800900735,0.07471264367816093,0.04417947281230249,0.12361862679045275,1.0,0.9577124930558795,0.9999999999999999,0.5373563218390804,0.16189403145068332,True,3.21967668463189,0.17687315604766174,0.2029059926880153
F4L,4,Sombreamento parcial nao uniforme (10-20%),L,IPPT (potencia limitada),13,180,180,359,0.5,180,0,358,1,0.5618229650263077,0.7013375391233877,0.002785515320334262,0.0004918811981754609,0.015607323230337235,1.0,0.9791045020783868,1.0,0.5013927576601671,0.03052796748270094,False,,0.13644165331574293,0.15420128722781293
F4L,4,Sombreamento parcial nao uniforme (10-20%),L,IPPT (potencia limitada),29,180,180,359,0.5,180,0,358,1,0.5594243268337976,0.6929250140445429,0.002785515320334262,0.0004918811981754609,0.015607323230337235,1.0,0.9791045020783868,1.0,0.5013927576601671,0.03052796748270094,False,,0.13463201056616708,0.1604051328976333
F4L,4,Sombreamento parcial nao uniforme (10-20%),L,IPPT (potencia limitada),42,180,180,359,0.5,180,0,357,2,0.5566078613432375,0.6970043556950347,0.005571030640668524,0.0015291093879739055,0.020082144315449087,1.0,0.9791045020783868,1.0,0.5027855153203342,0.04321324533393813,False,,0.16707670210863074,0.18953343023265914
F4L,4,Sombreamento parcial nao uniforme (10-20%),L,IPPT (potencia limitada),71,180,180,359,0.5,179,1,355,4,0.5915041782729805,0.7151534917087232,0.011142061281337047,0.004341225376932932,0.028294126876310645,0.9944444444444445,0.9692069292336208,0.9990186339327839,0.5027932528628908,0.02748325037752135,False,,0.1450963851504573,0.18085625177988368
F4L,4,Sombreamento parcial nao uniforme (10-20%),L,IPPT (potencia limitada),101,180,180,359,0.5,180,0,358,1,0.556313834726091,0.6911498430974853,0.002785515320334262,0.0004918811981754609,0.015607323230337235,1.0,0.9791045020783868,1.0,0.5013927576601671,0.03052796748270094,False,,0.14747346547920823,0.16509856098005904
F4M,4,Sombreamento parcial nao uniforme (10-20%),M,MPPT (potencia maxima),13,180,180,359,0.5,177,3,346,13,0.5262921696069328,0.6915253709365183,0.036211699164345405,0.021282388592558817,0.060961407134877396,0.9833333333333333,0.952151771962928,0.9943159133795125,0.5097725162488393,0.054313656079144464,False,,0.20309697647224556,0.19122009024610015
F4M,4,Sombreamento parcial nao uniforme (10-20%),M,MPPT (potencia maxima),29,180,180,359,0.5,178,2,351,8,0.5474466109563603,0.7011760397350657,0.022284122562674095,0.011334029176124538,0.04334952017676022,0.9888888888888889,0.9603989991004155,0.9969476251540074,0.5055865057257816,0.03905043577988542,False,,0.19989671932205605,0.19918412867457566
F4M,4,Sombreamento parcial nao uniforme (10-20%),M,MPPT (potencia maxima),42,180,180,359,0.5,178,2,352,7,0.5506809037449706,0.6997106379201252,0.019498607242339833,0.009476527316162907,0.03969497276181155,0.9888888888888889,0.9603989991004155,0.9969476251540074,0.5041937480656143,0.03087142098736352,False,,0.22899459954233126,0.23762582922610884
F4M,4,Sombreamento parcial nao uniforme (10-20%),M,MPPT (potencia maxima),71,180,180,359,0.5,177,3,348,11,0.5418910554008046,0.6914954214475278,0.03064066852367688,0.01719380923272017,0.05402588794489546,0.9833333333333333,0.952151771962928,0.9943159133795125,0.5069870009285051,0.04143435702931425,False,,0.17991904022942962,0.19377820362307888
F4M,4,Sombreamento parcial nao uniforme (10-20%),M,MPPT (potencia maxima),101,180,180,359,0.5,179,1,350,9,0.5376044568245125,0.6981980822247609,0.025069637883008356,0.013244174581490527,0.04695142404630452,0.9944444444444445,0.9692069292336208,0.9990186339327839,0.5097570411637264,0.06820304642442591,False,,0.1987341474572023,0.19577911902253414
F5L,5,Circuito aberto em 15% do arranjo PV,L,IPPT (potencia limitada),13,178,179,357,0.49859943977591037,173,6,0,357,1.0,1.0,1.0,0.9893541644764191,1.0,0.9664804469273743,0.9288107184545821,0.9845488722921246,0.9832402234636872,0.9749387485924883,True,0.0,0.2927959000803002,610.5418414173297
F5L,5,Circuito aberto em 15% do arranjo PV,L,IPPT (potencia limitada),29,178,179,357,0.49859943977591037,175,4,0,357,1.0,1.0,1.0,0.9893541644764191,1.0,0.9776536312849162,0.9439600415761618,0.9912764255956157,0.9888268156424581,0.9832705141864383,True,0.0,0.28826758755534376,583.107569532764
F5L,5,Circuito aberto em 15% do arranjo PV,L,IPPT (potencia limitada),42,178,179,357,0.49859943977591037,171,8,0,357,1.0,1.0,1.0,0.9893541644764191,1.0,0.9553072625698324,0.9143005344134072,0.9771821799082285,0.9776536312849162,0.9666276538556295,True,0.0,0.3116648568472943,776.3264281014082
F5L,5,Circuito aberto em 15% do arranjo PV,L,IPPT (potencia limitada),71,178,179,357,0.49859943977591037,174,5,0,357,1.0,1.0,1.0,0.9893541644764191,1.0,0.9720670391061452,0.9362870793666515,0.9880109495925905,0.9860335195530726,0.9791019858967704,True,0.0,0.2992869917205054,787.9475918835586
F5L,5,Circuito aberto em 15% do arranjo PV,L,IPPT (potencia limitada),101,178,179,357,0.49859943977591037,173,6,0,357,1.0,1.0,1.0,0.9893541644764191,1.0,0.9664804469273743,0.9288107184545821,0.9845488722921246,0.9832402234636872,0.9749387485924883,True,0.0,0.2781151485394487,847.4730060077167
F5M,5,Circuito aberto em 15% do arranjo PV,M,MPPT (potencia maxima),13,180,180,359,0.5,176,4,7,352,0.9955896007428042,0.9980422448808004,0.9805013927576601,0.9603050272381884,0.9905234726838371,0.9777777777777777,0.944263669857449,0.9913250765730094,0.9791395852677189,0.9543880245720281,True,0.1599841295302502,0.2917609978331075,18709.431010984594
F5M,5,Circuito aberto em 15% do arranjo PV,M,MPPT (potencia maxima),29,180,180,359,0.5,175,5,7,352,0.9937635406994739,0.9973911699274729,0.9805013927576601,0.9603050272381884,0.9905234726838371,0.9722222222222222,0.936631929551566,0.9880778779669105,0.9763618074899412,0.950124692354746,True,0.1599841295302502,0.31992169592200903,45654.68111831517
F5M,5,Circuito aberto em 15% do arranjo PV,M,MPPT (potencia maxima),42,180,180,359,0.5,173,7,6,353,0.9950170225936242,0.9978123357056337,0.9832869080779945,0.9640222446127882,0.9923183045841477,0.9611111111111111,0.9219152218849264,0.981036707809586,0.9721990095945527,0.9457160910366534,True,0.11998802383620077,0.33482281860963525,18175.103470106318
F5M,5,Circuito aberto em 15% do arranjo PV,M,MPPT (potencia maxima),71,180,180,359,0.5,173,7,6,353,0.9967811822965026,0.9985210314098889,0.9832869080779945,0.9640222446127882,0.9923183045841477,0.9611111111111111,0.9219152218849264,0.981036707809586,0.9721990095945527,0.9457160910366534,True,0.11998802383620077,0.3406499763475651,26506.372538017895
F5M,5,Circuito aberto em 15% do arranjo PV,M,MPPT (potencia maxima),101,180,180,359,0.5,176,4,6,353,0.994661095636026,0.9977131843389881,0.9832869080779945,0.9640222446127882,0.9923183045841477,0.9777777777777777,0.944263669857449,0.9913250765730094,0.980532342927886,0.9584430097295402,True,0.11998802383620077,0.2946619030799823,41972.71195612511
F6L,6,Ganho PI do MPPT/IPPT reduzido em 20%,L,IPPT (potencia limitada),13,180,180,359,0.5,173,7,343,16,0.6682141751779636,0.7555160560700215,0.04456824512534819,0.027616813846542607,0.0711631297056245,0.9611111111111111,0.9219152218849264,0.981036707809586,0.5028396781182297,0.013252378114167653,False,,0.33644277078442886,0.43797809476134025
F6L,6,Ganho PI do MPPT/IPPT reduzido em 20%,L,IPPT (potencia limitada),29,180,180,359,0.5,173,7,347,12,0.6788300835654597,0.7637638164249303,0.033426183844011144,0.01922273884624874,0.05750900760627718,0.9611111111111111,0.9219152218849264,0.981036707809586,0.49726864747756117,-0.013970525946681727,False,,0.3028724236563055,0.43515334240496867
F6L,6,Ganho PI do MPPT/IPPT reduzido em 20%,L,IPPT (potencia limitada),42,180,180,359,0.5,170,10,326,33,0.6789538842463634,0.7704671634259623,0.09192200557103064,0.06620240971577014,0.12628237150987195,0.9444444444444444,0.9007683865825439,0.9695467263760221,0.5181832250077375,0.06330081759262002,True,3.9995580796787804,0.39840335555488393,0.5531735022158879
F6L,6,Ganho PI do MPPT/IPPT reduzido em 20%,L,IPPT (potencia limitada),71,180,180,359,0.5,171,9,332,27,0.6785205818632003,0.7597060806677056,0.07520891364902507,0.0522000720781507,0.10721241349802962,0.95,0.9077191903535553,0.9734748615169928,0.5126044568245125,0.0476214225524736,True,5.07944771396408,0.3459960847167814,0.5006304520047493
F6L,6,Ganho PI do MPPT/IPPT reduzido em 20%,L,IPPT (potencia limitada),101,180,180,359,0.5,171,9,335,24,0.666078613432374,0.7516752462130116,0.06685236768802229,0.04533281627847047,0.09754352147297898,0.95,0.9077191903535553,0.9734748615169928,0.5084261838440112,0.033152186321787236,False,,0.3123891188096133,0.4327969369153511
F6M,6,Ganho PI do MPPT/IPPT reduzido em 20%,M,MPPT (potencia maxima),13,180,180,359,0.5,179,1,341,18,0.7177499226245745,0.8176151668591956,0.05013927576601671,0.03194770799639833,0.07785633410558934,0.9944444444444445,0.9692069292336208,0.9990186339327839,0.5222918601052305,0.11402007153651574,False,,0.34880447997690767,0.519465758433078
F6M,6,Ganho PI do MPPT/IPPT reduzido em 20%,M,MPPT (potencia maxima),29,180,180,359,0.5,178,2,343,16,0.7327452800990405,0.8229720794402435,0.04456824512534819,0.027616813846542607,0.0711631297056245,0.9888888888888889,0.9603989991004155,0.9969476251540074,0.5167285670071186,0.08782478566470062,False,,0.3441396972284507,0.5335605327370384
F6M,6,Ganho PI do MPPT/IPPT reduzido em 20%,M,MPPT (potencia maxima),42,180,180,359,0.5,172,8,314,45,0.7108325595790778,0.8077168632016946,0.12534818941504178,0.09501502649514518,0.16361434602942046,0.9555555555555556,0.9147630842357073,0.9773099065468231,0.5404518724852987,0.1281433379751266,True,5.13946882174428,0.4197357848649248,0.6223851983579468
F6M,6,Ganho PI do MPPT/IPPT reduzido em 20%,M,MPPT (potencia maxima),71,180,180,359,0.5,176,4,319,40,0.6885948622717425,0.7937315969231474,0.11142061281337047,0.08289843120291167,0.14817069494710244,0.9777777777777777,0.944263669857449,0.9913250765730094,0.5445991952955741,0.15364256806660664,True,5.13946882174428,0.3814213735325289,0.5609041450799587
F6M,6,Ganho PI do MPPT/IPPT reduzido em 20%,M,MPPT (potencia maxima),101,180,180,359,0.5,178,2,345,14,0.7304394924172082,0.8210344962975697,0.03899721448467967,0.02336962885561688,0.06438621614672962,0.9888888888888889,0.9603989991004155,0.9969476251540074,0.5139430516867843,0.07749264311529558,False,,0.3283937420947337,0.4957710779445725
F7L,7,Constante de tempo PI elevada em 20%,L,IPPT (potencia limitada),13,180,180,359,0.5,170,10,322,37,0.7872794800371403,0.831102374295507,0.10306406685236769,0.07570137043222219,0.13883160789306107,0.9444444444444444,0.9007683865825439,0.9695467263760221,0.523754255648406,0.07941881784764536,False,,0.24698534763842414,0.6354388200633766
F7L,7,Constante de tempo PI elevada em 20%,L,IPPT (potencia limitada),29,180,180,359,0.5,173,7,337,22,0.8051686784277313,0.8479244926835983,0.06128133704735376,0.04081417021791123,0.09103806898371763,0.9611111111111111,0.9219152218849264,0.981036707809586,0.5111962240792325,0.04680593953781389,False,,0.21401354340492862,0.6584220210821901
F7L,7,Constante de tempo PI elevada em 20%,L,IPPT (potencia limitada),42,180,180,359,0.5,169,11,283,76,0.8003249767873724,0.8441458888880508,0.2116991643454039,0.1726073077893875,0.2568955922573972,0.9388888888888889,0.8938988876150229,0.9655372864315612,0.5752940266171463,0.19303904127977956,False,,0.2989330463080697,0.7708986811046837
F7L,7,Constante de tempo PI elevada em 20%,L,IPPT (potencia limitada),71,180,180,359,0.5,169,11,301,58,0.7849117920148562,0.8280593927211094,0.1615598885793872,0.12710412278732197,0.20318189031107747,0.9388888888888889,0.8938988876150229,0.9655372864315612,0.550224388734138,0.14179295648365028,False,,0.2648553577996047,0.7199344759567967
F7L,7,Constante de tempo PI elevada em 20%,L,IPPT (potencia limitada),101,180,180,359,0.5,173,7,336,23,0.7920303311668213,0.8412094033024696,0.06406685236768803,0.04306709016714137,0.09429719830939777,0.9611111111111111,0.9219152218849264,0.981036707809586,0.5125889817393996,0.051794608840225805,False,,0.2476254781372385,0.5904797413089903
F7M,7,Constante de tempo PI elevada em 20%,M,MPPT (potencia maxima),13,180,180,359,0.5,175,5,242,117,0.8070256886412874,0.8885677680176706,0.32590529247910865,0.2794856347408803,0.3760112855772265,0.9722222222222222,0.936631929551566,0.9880778779669105,0.6490637573506655,0.33599869737216126,True,3.97958838362438,0.3223766049789101,0.7918857947458651
F7M,7,Constante de tempo PI elevada em 20%,M,MPPT (potencia maxima),29,180,180,359,0.5,175,5,222,137,0.8153512844320644,0.9054412084798342,0.3816155988857939,0.33286913171463084,0.4328687741016818,0.9722222222222222,0.936631929551566,0.9880778779669105,0.6769189105540081,0.37883343623066856,True,3.93959268846198,0.3162953822594151,0.7676902726094099
F7M,7,Constante de tempo PI elevada em 20%,M,MPPT (potencia maxima),42,180,180,359,0.5,166,14,189,170,0.8019808108944599,0.8911025919895241,0.4735376044568245,0.42244215368733457,0.5251933782010177,0.9222222222222223,0.8736927799483827,0.9531065773622551,0.6978799133395234,0.39363354006279616,True,3.93959268846198,0.36065158805482456,0.933744228970978
F7M,7,Constante de tempo PI elevada em 20%,M,MPPT (potencia maxima),71,180,180,359,0.5,168,12,197,162,0.8025688641287527,0.8905990437081249,0.45125348189415043,0.4005650993885408,0.5029740383005292,0.9333333333333333,0.8871013100703046,0.9614559250642974,0.6922934076137419,0.38793307750050343,True,3.97958838362438,0.3361446866126582,0.8958385438847891
F7M,7,Constante de tempo PI elevada em 20%,M,MPPT (potencia maxima),101,180,180,359,0.5,176,4,239,120,0.8136954503249767,0.8978195736228824,0.3342618384401114,0.2874465050707164,0.3845865630721213,0.9777777777777777,0.944263669857449,0.9913250765730094,0.6560198081089446,0.3496699576921464,True,4.0795782080204805,0.30843321658173195,0.742211269486547
