experiment,fault,fault_type,mode,mode_name,method,seed,n_baseline,n_pre_test,n_post_test,baseline_fraction_of_pre,true_negatives,false_positives,false_negatives,true_positives,auc_roc,average_precision,sensitivity,sensitivity_ci95_low,sensitivity_ci95_high,specificity,specificity_ci95_low,specificity_ci95_high,balanced_accuracy,mcc,sustained_detection,detection_delay_from_nominal_midpoint_s,median_index_pre,median_index_post
F1L,1,Falha total em um IGBT,L,IPPT (potencia limitada),autoencoder_v2,42.0,161,161,322,0.5,154,7,102,220,0.8581073261062458,0.938259547027904,0.6832298136645962,0.630510797724591,0.731628509001671,0.9565217391304348,0.9129839454170278,0.97878200382696,0.8198757763975155,0.6042536901223126,True,2.1797711919303397,0.31981215367801497,190.62423550406436
F1L,1,Falha total em um IGBT,L,IPPT (potencia limitada),autoencoder_ensemble,,161,161,322,0.5,156,5,105,217,0.8549438679063308,0.9369281323518567,0.6739130434782609,0.6209219375624075,0.7228035061099767,0.968944099378882,0.9293683966075118,0.9866632927519586,0.8214285714285714,0.6080770417662601,True,2.1797711919303397,0.29638813891504606,149.84208346609233
F1L,1,Falha total em um IGBT,L,IPPT (potencia limitada),pca,,161,161,322,0.5,158,3,109,213,0.841286987384746,0.9331755258341519,0.6614906832298136,0.608171788100064,0.7110018381671498,0.9813664596273292,0.9466544229682271,0.9936430065067258,0.8214285714285714,0.609498781003657,True,2.1797711919303397,0.16026892749866334,175.77382005675767
F1M,1,Falha total em um IGBT,M,MPPT (potencia maxima),autoencoder_v2,42.0,173,174,347,0.49855907780979825,174,0,75,272,0.9142899731690352,0.9636847103916857,0.7838616714697406,0.7375712596662795,0.8239359255511937,1.0,0.9783995315481122,1.0,0.8919308357348703,0.7401072613996199,True,1.4998649602490506,0.2280239000384462,22391.28974411425
F1M,1,Falha total em um IGBT,M,MPPT (potencia maxima),autoencoder_ensemble,,173,174,347,0.49855907780979825,174,0,75,272,0.913047798867137,0.9633070516753537,0.7838616714697406,0.7375712596662795,0.8239359255511937,1.0,0.9783995315481122,1.0,0.8919308357348703,0.7401072613996199,True,1.4998649602490506,0.21413250946806955,31307.869918354736
F1M,1,Falha total em um IGBT,M,MPPT (potencia maxima),pca,,173,174,347,0.49855907780979825,174,0,75,272,0.9251217330815862,0.967910416729026,0.7838616714697406,0.7375712596662795,0.8239359255511937,1.0,0.9783995315481122,1.0,0.8919308357348703,0.7401072613996199,True,1.4998649602490506,0.14722281185805217,5328.88750897933
F2L,2,Falha de 20% em sensor de fase,L,IPPT (potencia limitada),autoencoder_v2,42.0,177,178,354,0.49859154929577465,133,45,66,288,0.9010188535517044,0.9573441813665259,0.8135593220338984,0.769700837750366,0.8506856337658899,0.7471910112359551,0.678583139139175,0.8053549054118916,0.7803751666349268,0.5468050509459255,True,1.7584119794481596,0.637496894863042,1144.3327236366604
F2L,2,Falha de 20% em sensor de fase,L,IPPT (potencia limitada),autoencoder_ensemble,,177,178,354,0.49859154929577465,133,45,65,289,0.8973211451786961,0.9559568946760565,0.8163841807909604,0.7727294004807714,0.8532461383464416,0.7471910112359551,0.678583139139175,0.8053549054118916,0.7817875960134577,0.5501203002010905,True,1.73843020175027,0.6158540283493711,928.7519518861072
F2L,2,Falha de 20% em sensor de fase,L,IPPT (potencia limitada),pca,,177,178,354,0.49859154929577465,164,14,83,271,0.9037484923506636,0.9582195411860587,0.7655367231638418,0.7186978817879227,0.8066744454420597,0.9213483146067416,0.8723212857134466,0.9525731084076894,0.8434425188852916,0.6498674454358765,True,1.7584119794481596,0.43375959133285935,878.1897373673539
F2M,2,Falha de 20% em sensor de fase,M,MPPT (potencia maxima),autoencoder_v2,42.0,180,180,359,0.5,179,1,73,286,0.9053543794490869,0.9610152797226386,0.7966573816155988,0.7519844173014559,0.8350488304764901,0.9944444444444445,0.9692069292336208,0.9990186339327839,0.8955509130300217,0.7477813768634957,True,1.47984740654766,0.23545473201237455,3690.1181502223294
F2M,2,Falha de 20% em sensor de fase,M,MPPT (potencia maxima),autoencoder_ensemble,,180,180,359,0.5,179,1,73,286,0.9042401733209533,0.9607037401343891,0.7966573816155988,0.7519844173014559,0.8350488304764901,0.9944444444444445,0.9692069292336208,0.9990186339327839,0.8955509130300217,0.7477813768634957,True,1.47984740654766,0.19222551350498013,3129.0001171721283
F2M,2,Falha de 20% em sensor de fase,M,MPPT (potencia maxima),pca,,180,180,359,0.5,179,1,73,286,0.9043639740018569,0.9607549578940551,0.7966573816155988,0.7519844173014559,0.8350488304764901,0.9944444444444445,0.9692069292336208,0.9990186339327839,0.8955509130300217,0.7477813768634957,True,1.47984740654766,0.11700083581236345,2995.6115178255836
F3L,3,Afundamentos intermitentes de tensao,L,IPPT (potencia limitada),autoencoder_v2,42.0,129,129,258,0.5,127,2,181,77,0.6905834985878253,0.8399918592697542,0.29844961240310075,0.24590423754949403,0.3569088522170965,0.9844961240310077,0.9452333688810886,0.9957379296103084,0.6414728682170543,0.33091690849635524,True,3.7196290321682,0.3063287916229784,0.4324294298121104
F3L,3,Afundamentos intermitentes de tensao,L,IPPT (potencia limitada),autoencoder_ensemble,,129,129,258,0.5,127,2,185,73,0.6824109128057207,0.8345784937517852,0.28294573643410853,0.23147951942448525,0.34078073109338153,0.9844961240310077,0.9452333688810886,0.9957379296103084,0.6337209302325582,0.31895261282950677,True,3.7196290321682,0.24215531104440913,0.3464161703175546
F3L,3,Afundamentos intermitentes de tensao,L,IPPT (potencia limitada),pca,,129,129,258,0.5,129,0,186,72,0.6778739258458025,0.8315162696608108,0.27906976744186046,0.22788539662472923,0.33673664408095666,1.0,0.9710823800431216,1.0,0.6395348837209303,0.33806170189140666,True,3.7196290321682,0.1331433608417049,0.2077580033425913
F3M,3,Afundamentos intermitentes de tensao,M,MPPT (potencia maxima),autoencoder_v2,42.0,87,87,174,0.5,86,1,159,15,0.5220636808032766,0.7203065941081956,0.08620689655172414,0.05293752496662512,0.13735251789010972,0.9885057471264368,0.9377280216427621,0.9979680922624077,0.5373563218390804,0.14682003422210332,True,3.21967668463189,0.23775273905413072,0.22373258622957143
F3M,3,Afundamentos intermitentes de tensao,M,MPPT (potencia maxima),autoencoder_ensemble,,87,87,174,0.5,86,1,160,14,0.5336900515259612,0.7279616917095506,0.08045977011494253,0.0485310998138549,0.13051297141589013,0.9885057471264368,0.9377280216427621,0.9979680922624077,0.5344827586206896,0.13968605915391563,True,3.21967668463189,0.20579107700062785,0.2145428659025001
F3M,3,Afundamentos intermitentes de tensao,M,MPPT (potencia maxima),pca,,87,87,174,0.5,87,0,161,13,0.530981635618972,0.7148241255809589,0.07471264367816093,0.04417947281230249,0.12361862679045275,1.0,0.9577124930558795,0.9999999999999999,0.5373563218390804,0.16189403145068332,True,3.21967668463189,0.11831966206033842,0.12822492606386476
F4L,4,Sombreamento parcial nao uniforme (10-20%),L,IPPT (potencia limitada),autoencoder_v2,42.0,180,180,359,0.5,180,0,357,2,0.5566078613432375,0.6970043556950347,0.005571030640668524,0.0015291093879739055,0.020082144315449087,1.0,0.9791045020783868,1.0,0.5027855153203342,0.04321324533393813,False,,0.16707670210863074,0.18953343023265914
F4L,4,Sombreamento parcial nao uniforme (10-20%),L,IPPT (potencia limitada),autoencoder_ensemble,,180,180,359,0.5,180,0,359,0,0.5661559888579388,0.699895057854852,0.0,0.0,0.010587155153602403,1.0,0.9791045020783868,1.0,0.5,0.0,False,,0.1442796564044443,0.17207567198295026
F4L,4,Sombreamento parcial nao uniforme (10-20%),L,IPPT (potencia limitada),pca,,180,180,359,0.5,180,0,359,0,0.5668368926029094,0.6893462083941759,0.0,0.0,0.010587155153602403,1.0,0.9791045020783868,1.0,0.5,0.0,False,,0.10616346624299686,0.13429491532253418
F4M,4,Sombreamento parcial nao uniforme (10-20%),M,MPPT (potencia maxima),autoencoder_v2,42.0,180,180,359,0.5,178,2,352,7,0.5506809037449706,0.6997106379201252,0.019498607242339833,0.009476527316162907,0.03969497276181155,0.9888888888888889,0.9603989991004155,0.9969476251540074,0.5041937480656143,0.03087142098736352,False,,0.22899459954233126,0.23762582922610884
F4M,4,Sombreamento parcial nao uniforme (10-20%),M,MPPT (potencia maxima),autoencoder_ensemble,,180,180,359,0.5,179,1,351,8,0.5356081708449396,0.6970879371477674,0.022284122562674095,0.011334029176124538,0.04334952017676022,0.9944444444444445,0.9692069292336208,0.9990186339327839,0.5083642835035593,0.06157196695081175,False,,0.20349929086369034,0.20137014744841827
F4M,4,Sombreamento parcial nao uniforme (10-20%),M,MPPT (potencia maxima),pca,,180,180,359,0.5,180,0,358,1,0.5559579077684929,0.704050076951652,0.002785515320334262,0.0004918811981754609,0.015607323230337235,1.0,0.9791045020783868,1.0,0.5013927576601671,0.03052796748270094,False,,0.14019725638776193,0.152746058098273
F5L,5,Circuito aberto em 15% do arranjo PV,L,IPPT (potencia limitada),autoencoder_v2,42.0,178,179,357,0.49859943977591037,171,8,0,357,1.0,1.0,1.0,0.9893541644764191,1.0,0.9553072625698324,0.9143005344134072,0.9771821799082285,0.9776536312849162,0.9666276538556295,True,0.0,0.3116648568472943,776.3264281014082
F5L,5,Circuito aberto em 15% do arranjo PV,L,IPPT (potencia limitada),autoencoder_ensemble,,178,179,357,0.49859943977591037,173,6,0,357,1.0,1.0,1.0,0.9893541644764191,1.0,0.9664804469273743,0.9288107184545821,0.9845488722921246,0.9832402234636872,0.9749387485924883,True,0.0,0.2953612523930267,776.3264281014082
F5L,5,Circuito aberto em 15% do arranjo PV,L,IPPT (potencia limitada),pca,,178,179,357,0.49859943977591037,176,3,0,357,1.0,1.0,1.0,0.9893541644764191,1.0,0.9832402234636871,0.9518908366308748,0.9942840687534379,0.9916201117318435,0.9874444566327887,True,0.0,0.1912365510707511,271.8175718784805
F5M,5,Circuito aberto em 15% do arranjo PV,M,MPPT (potencia maxima),autoencoder_v2,42.0,180,180,359,0.5,173,7,6,353,0.9950170225936242,0.9978123357056337,0.9832869080779945,0.9640222446127882,0.9923183045841477,0.9611111111111111,0.9219152218849264,0.981036707809586,0.9721990095945527,0.9457160910366534,True,0.11998802383620077,0.33482281860963525,18175.103470106318
F5M,5,Circuito aberto em 15% do arranjo PV,M,MPPT (potencia maxima),autoencoder_ensemble,,180,180,359,0.5,175,5,6,353,0.9953729495512225,0.9979543087732743,0.9832869080779945,0.9640222446127882,0.9923183045841477,0.9722222222222222,0.936631929551566,0.9880778779669105,0.9777545651501083,0.9541958367672546,True,0.11998802383620077,0.3107689299232606,26506.372538017895
F5M,5,Circuito aberto em 15% do arranjo PV,M,MPPT (potencia maxima),pca,,180,180,359,0.5,175,5,6,353,0.9939028164654906,0.9973962182404109,0.9832869080779945,0.9640222446127882,0.9923183045841477,0.9722222222222222,0.936631929551566,0.9880778779669105,0.9777545651501083,0.9541958367672546,True,0.11998802383620077,0.23137384266127606,2726.6633788916806
F6L,6,Ganho PI do MPPT/IPPT reduzido em 20%,L,IPPT (potencia limitada),autoencoder_v2,42.0,180,180,359,0.5,170,10,326,33,0.6789538842463634,0.7704671634259623,0.09192200557103064,0.06620240971577014,0.12628237150987195,0.9444444444444444,0.9007683865825439,0.9695467263760221,0.5181832250077375,0.06330081759262002,True,3.9995580796787804,0.39840335555488393,0.5531735022158879
F6L,6,Ganho PI do MPPT/IPPT reduzido em 20%,L,IPPT (potencia limitada),autoencoder_ensemble,,180,180,359,0.5,172,8,340,19,0.6716651191581553,0.7545412517400362,0.052924791086350974,0.03414056926230104,0.08117552211459693,0.9555555555555556,0.9147630842357073,0.9773099065468231,0.5042401733209533,0.018334970649276656,False,,0.346401831428078,0.4737076834850563
F6L,6,Ganho PI do MPPT/IPPT reduzido em 20%,L,IPPT (potencia limitada),pca,,180,180,359,0.5,178,2,350,9,0.710182606004333,0.7815654902117531,0.025069637883008356,0.013244174581490527,0.04695142404630452,0.9888888888888889,0.9603989991004155,0.9969476251540074,0.5069792633859487,0.04655965534925724,False,,0.2152748437811962,0.33165638083424426
F6M,6,Ganho PI do MPPT/IPPT reduzido em 20%,M,MPPT (potencia maxima),autoencoder_v2,42.0,180,180,359,0.5,172,8,314,45,0.7108325595790778,0.8077168632016946,0.12534818941504178,0.09501502649514518,0.16361434602942046,0.9555555555555556,0.9147630842357073,0.9773099065468231,0.5404518724852987,0.1281433379751266,True,5.13946882174428,0.4197357848649248,0.6223851983579468
F6M,6,Ganho PI do MPPT/IPPT reduzido em 20%,M,MPPT (potencia maxima),autoencoder_ensemble,,180,180,359,0.5,178,2,340,19,0.7232745280099041,0.8184996608262729,0.052924791086350974,0.03414056926230104,0.08117552211459693,0.9888888888888889,0.9603989991004155,0.9969476251540074,0.52090683998762,0.10191247307803876,False,,0.366916851284234,0.5393715765118865
F6M,6,Ganho PI do MPPT/IPPT reduzido em 20%,M,MPPT (potencia maxima),pca,,180,180,359,0.5,179,1,351,8,0.7724079232435778,0.8420345762016325,0.022284122562674095,0.011334029176124538,0.04334952017676022,0.9944444444444445,0.9692069292336208,0.9990186339327839,0.5083642835035593,0.06157196695081175,False,,0.2609582821891406,0.4433851592856495
F7L,7,Constante de tempo PI elevada em 20%,L,IPPT (potencia limitada),autoencoder_v2,42.0,180,180,359,0.5,169,11,283,76,0.8003249767873724,0.8441458888880508,0.2116991643454039,0.1726073077893875,0.2568955922573972,0.9388888888888889,0.8938988876150229,0.9655372864315612,0.5752940266171463,0.19303904127977956,False,,0.2989330463080697,0.7708986811046837
F7L,7,Constante de tempo PI elevada em 20%,L,IPPT (potencia limitada),autoencoder_ensemble,,180,180,359,0.5,171,9,322,37,0.795187248529867,0.8390353264497297,0.10306406685236769,0.07570137043222219,0.13883160789306107,0.95,0.9077191903535553,0.9734748615169928,0.5265320334261838,0.08957393077638073,False,,0.24818513053554894,0.6685731540620107
F7L,7,Constante de tempo PI elevada em 20%,L,IPPT (potencia limitada),pca,,180,180,359,0.5,173,7,343,16,0.8244351593933766,0.8650252723594605,0.04456824512534819,0.027616813846542607,0.0711631297056245,0.9611111111111111,0.9219152218849264,0.981036707809586,0.5028396781182297,0.013252378114167653,False,,0.14949104904860128,0.5751661112422878
F7M,7,Constante de tempo PI elevada em 20%,M,MPPT (potencia maxima),autoencoder_v2,42.0,180,180,359,0.5,166,14,189,170,0.8019808108944599,0.8911025919895241,0.4735376044568245,0.42244215368733457,0.5251933782010177,0.9222222222222223,0.8736927799483827,0.9531065773622551,0.6978799133395234,0.39363354006279616,True,3.93959268846198,0.36065158805482456,0.933744228970978
F7M,7,Constante de tempo PI elevada em 20%,M,MPPT (potencia maxima),autoencoder_ensemble,,180,180,359,0.5,174,6,220,139,0.8154441349427421,0.8994936565632127,0.3871866295264624,0.3382464421525797,0.4385155622135535,0.9666666666666667,0.9291956595913273,0.9846352090151671,0.6769266480965646,0.3763349997613453,True,3.97958838362438,0.3196772293100689,0.8020996777061494
F7M,7,Constante de tempo PI elevada em 20%,M,MPPT (potencia maxima),pca,,180,180,359,0.5,177,3,222,137,0.8363819251005881,0.9145096286422714,0.3816155988857939,0.33286913171463084,0.4328687741016818,0.9833333333333333,0.952151771962928,0.9943159133795125,0.6824744661095636,0.3925229991260221,True,3.93959268846198,0.25431427352022873,0.6480433862950473
